{
  "baseModLoader": {
    "id": 4633,
    "gameVersionId": 8008,
    "minecraftGameVersionId": 66,
    "forgeVersion": "32.0.108",
    "name": "forge-32.0.108",
    "type": 1,
    "downloadUrl": "https://modloaders.forgecdn.net/647622546/maven/net/minecraftforge/forge/1.16.1-32.0.108/forge-1.16.1-32.0.108.jar",
    "filename": "forge-1.16.1-32.0.108.jar",
    "installMethod": 3,
    "latest": true,
    "recommended": true,
    "approved": false,
    "dateModified": "2020-08-09T20:07:18Z",
    "mavenVersionString": "net.minecraftforge:forge:1.16.1-32.0.108",
    "versionJson": "{\r\n  \"id\": \"forge-32.0.108\",\r\n  \"time\": \"2020-08-09T20:07:18Z\",\r\n  \"releaseTime\": \"2020-08-09T20:07:18Z\",\r\n  \"type\": \"release\",\r\n  \"minimumLauncherVersion\": 0,\r\n  \"inheritsFrom\": \"1.16.1\",\r\n  \"jar\": \"forge-32.0.108\",\r\n  \"libraries\": [\r\n    {\r\n      \"name\": \"net.minecraftforge:forge:1.16.1-32.0.108\",\r\n      \"downloads\": {\r\n        \"artifact\": {\r\n          \"path\": \"net/minecraftforge/forge/1.16.1-32.0.108/forge-1.16.1-32.0.108.jar\",\r\n          \"url\": \"https://modloaders.forgecdn.net/647622546/maven/net/minecraftforge/forge/1.16.1-32.0.108/forge-1.16.1-32.0.108.jar\",\r\n          \"sha1\": \"f293a9e936a96049268e9f84dd353b58324bd194\",\r\n          \"size\": 195270\r\n        }\r\n      }\r\n    },\r\n    {\r\n      \"name\": \"org.ow2.asm:asm:7.2\",\r\n      \"downloads\": {\r\n        \"artifact\": {\r\n          \"path\": \"org/ow2/asm/asm/7.2/asm-7.2.jar\",\r\n          \"url\": \"https://modloaders.forgecdn.net/647622546/maven/org/ow2/asm/asm/7.2/asm-7.2.jar\",\r\n          \"sha1\": \"fa637eb67eb7628c915d73762b681ae7ff0b9731\",\r\n          \"size\": 114873\r\n        }\r\n      }\r\n    },\r\n    {\r\n      \"name\": \"org.ow2.asm:asm-commons:7.2\",\r\n      \"downloads\": {\r\n        \"artifact\": {\r\n          \"path\": \"org/ow2/asm/asm-commons/7.2/asm-commons-7.2.jar\",\r\n          \"url\": \"https://modloaders.forgecdn.net/647622546/maven/org/ow2/asm/asm-commons/7.2/asm-commons-7.2.jar\",\r\n          \"sha1\": \"ca2954e8d92a05bacc28ff465b25c70e0f512497\",\r\n          \"size\": 70051\r\n        }\r\n      }\r\n    },\r\n    {\r\n      \"name\": \"org.ow2.asm:asm-tree:7.2\",\r\n      \"downloads\": {\r\n        \"artifact\": {\r\n          \"path\": \"org/ow2/asm/asm-tree/7.2/asm-tree-7.2.jar\",\r\n          \"url\": \"https://modloaders.forgecdn.net/647622546/maven/org/ow2/asm/asm-tree/7.2/asm-tree-7.2.jar\",\r\n          \"sha1\": \"3a23cc36edaf8fc5a89cb100182758ccb5991487\",\r\n          \"size\": 50283\r\n        }\r\n      }\r\n    },\r\n    {\r\n      \"name\": \"org.ow2.asm:asm-util:7.2\",\r\n      \"downloads\": {\r\n        \"artifact\": {\r\n          \"path\": \"org/ow2/asm/asm-util/7.2/asm-util-7.2.jar\",\r\n          \"url\": \"https://modloaders.forgecdn.net/647622546/maven/org/ow2/asm/asm-util/7.2/asm-util-7.2.jar\",\r\n          \"sha1\": \"a3ae34e57fa8a4040e28247291d0cc3d6b8c7bcf\",\r\n          \"size\": 80707\r\n        }\r\n      }\r\n    },\r\n    {\r\n      \"name\": \"org.ow2.asm:asm-analysis:7.2\",\r\n      \"downloads\": {\r\n        \"artifact\": {\r\n          \"path\": \"org/ow2/asm/asm-analysis/7.2/asm-analysis-7.2.jar\",\r\n          \"url\": \"https://modloaders.forgecdn.net/647622546/maven/org/ow2/asm/asm-analysis/7.2/asm-analysis-7.2.jar\",\r\n          \"sha1\": \"b6e6abe057f23630113f4167c34bda7086691258\",\r\n          \"size\": 33444\r\n        }\r\n      }\r\n    },\r\n    {\r\n      \"name\": \"cpw.mods:modlauncher:6.1.1\",\r\n      \"downloads\": {\r\n        \"artifact\": {\r\n          \"path\": \"cpw/mods/modlauncher/6.1.1/modlauncher-6.1.1.jar\",\r\n          \"url\": \"https://modloaders.forgecdn.net/647622546/maven/cpw/mods/modlauncher/6.1.1/modlauncher-6.1.1.jar\",\r\n          \"sha1\": \"aa2b9b88c70e6857009de2143ddf2a6d27a39bdd\",\r\n          \"size\": 117621\r\n        }\r\n      }\r\n    },\r\n    {\r\n      \"name\": \"cpw.mods:grossjava9hacks:1.3.0\",\r\n      \"downloads\": {\r\n        \"artifact\": {\r\n          \"path\": \"cpw/mods/grossjava9hacks/1.3.0/grossjava9hacks-1.3.0.jar\",\r\n          \"url\": \"https://modloaders.forgecdn.net/647622546/maven/cpw/mods/grossjava9hacks/1.3.0/grossjava9hacks-1.3.0.jar\",\r\n          \"sha1\": \"1a922de964d0c19d864fbcba2678c1a1c4602c35\",\r\n          \"size\": 1921\r\n        }\r\n      }\r\n    },\r\n    {\r\n      \"name\": \"net.minecraftforge:accesstransformers:2.2.0-shadowed\",\r\n      \"downloads\": {\r\n        \"artifact\": {\r\n          \"path\": \"net/minecraftforge/accesstransformers/2.2.0-shadowed/accesstransformers-2.2.0-shadowed.jar\",\r\n          \"url\": \"https://modloaders.forgecdn.net/647622546/maven/net/minecraftforge/accesstransformers/2.2.0-shadowed/accesstransformers-2.2.0-shadowed.jar\",\r\n          \"sha1\": \"043c882f4e7e5648acb14c9de8c2eca5f670d2bd\",\r\n          \"size\": 445030\r\n        }\r\n      }\r\n    },\r\n    {\r\n      \"name\": \"net.minecraftforge:eventbus:3.0.3-service\",\r\n      \"downloads\": {\r\n        \"artifact\": {\r\n          \"path\": \"net/minecraftforge/eventbus/3.0.3-service/eventbus-3.0.3-service.jar\",\r\n          \"url\": \"https://modloaders.forgecdn.net/647622546/maven/net/minecraftforge/eventbus/3.0.3-service/eventbus-3.0.3-service.jar\",\r\n          \"sha1\": \"e5dedecd71479bbb4984485553b6fcf36953ef00\",\r\n          \"size\": 40980\r\n        }\r\n      }\r\n    },\r\n    {\r\n      \"name\": \"net.minecraftforge:forgespi:3.1.1\",\r\n      \"downloads\": {\r\n        \"artifact\": {\r\n          \"path\": \"net/minecraftforge/forgespi/3.1.1/forgespi-3.1.1.jar\",\r\n          \"url\": \"https://modloaders.forgecdn.net/647622546/maven/net/minecraftforge/forgespi/3.1.1/forgespi-3.1.1.jar\",\r\n          \"sha1\": \"f258f875d9252d5ee83d8f0f2d03f71123f37650\",\r\n          \"size\": 19937\r\n        }\r\n      }\r\n    },\r\n    {\r\n      \"name\": \"net.minecraftforge:coremods:3.0.0\",\r\n      \"downloads\": {\r\n        \"artifact\": {\r\n          \"path\": \"net/minecraftforge/coremods/3.0.0/coremods-3.0.0.jar\",\r\n          \"url\": \"https://modloaders.forgecdn.net/647622546/maven/net/minecraftforge/coremods/3.0.0/coremods-3.0.0.jar\",\r\n          \"sha1\": \"fdf3b62a9a1fbd6a0826190d6d9962d9dd4f0340\",\r\n          \"size\": 21803\r\n        }\r\n      }\r\n    },\r\n    {\r\n      \"name\": \"net.minecraftforge:unsafe:0.2.0\",\r\n      \"downloads\": {\r\n        \"artifact\": {\r\n          \"path\": \"net/minecraftforge/unsafe/0.2.0/unsafe-0.2.0.jar\",\r\n          \"url\": \"https://modloaders.forgecdn.net/647622546/maven/net/minecraftforge/unsafe/0.2.0/unsafe-0.2.0.jar\",\r\n          \"sha1\": \"54d7a0a5e8fdb71b973025caa46f341ae5904f39\",\r\n          \"size\": 2834\r\n        }\r\n      }\r\n    },\r\n    {\r\n      \"name\": \"com.electronwill.night-config:core:3.6.2\",\r\n      \"downloads\": {\r\n        \"artifact\": {\r\n          \"path\": \"com/electronwill/night-config/core/3.6.2/core-3.6.2.jar\",\r\n          \"url\": \"https://modloaders.forgecdn.net/647622546/maven/com/electronwill/night-config/core/3.6.2/core-3.6.2.jar\",\r\n          \"sha1\": \"56f6500038861d4a8832072676da7bf7916217d0\",\r\n          \"size\": 199091\r\n        }\r\n      }\r\n    },\r\n    {\r\n      \"name\": \"com.electronwill.night-config:toml:3.6.2\",\r\n      \"downloads\": {\r\n        \"artifact\": {\r\n          \"path\": \"com/electronwill/night-config/toml/3.6.2/toml-3.6.2.jar\",\r\n          \"url\": \"https://modloaders.forgecdn.net/647622546/maven/com/electronwill/night-config/toml/3.6.2/toml-3.6.2.jar\",\r\n          \"sha1\": \"3ac4263d06433da39a5eee95e2679f1642d921f0\",\r\n          \"size\": 31152\r\n        }\r\n      }\r\n    },\r\n    {\r\n      \"name\": \"org.jline:jline:3.12.1\",\r\n      \"downloads\": {\r\n        \"artifact\": {\r\n          \"path\": \"org/jline/jline/3.12.1/jline-3.12.1.jar\",\r\n          \"url\": \"https://modloaders.forgecdn.net/647622546/maven/org/jline/jline/3.12.1/jline-3.12.1.jar\",\r\n          \"sha1\": \"de2bd909cb9f8eaa741bd03df4a1bd3f6eb593c7\",\r\n          \"size\": 732926\r\n        }\r\n      }\r\n    },\r\n    {\r\n      \"name\": \"org.apache.maven:maven-artifact:3.6.0\",\r\n      \"downloads\": {\r\n        \"artifact\": {\r\n          \"path\": \"org/apache/maven/maven-artifact/3.6.0/maven-artifact-3.6.0.jar\",\r\n          \"url\": \"https://modloaders.forgecdn.net/647622546/maven/org/apache/maven/maven-artifact/3.6.0/maven-artifact-3.6.0.jar\",\r\n          \"sha1\": \"d4c0da647de59c9ccc304a112fe1f1474d49e8eb\",\r\n          \"size\": 55051\r\n        }\r\n      }\r\n    },\r\n    {\r\n      \"name\": \"net.jodah:typetools:0.8.1\",\r\n      \"downloads\": {\r\n        \"artifact\": {\r\n          \"path\": \"net/jodah/typetools/0.8.1/typetools-0.8.1.jar\",\r\n          \"url\": \"https://modloaders.forgecdn.net/647622546/maven/net/jodah/typetools/0.8.1/typetools-0.8.1.jar\",\r\n          \"sha1\": \"d12de898d333cb7eb0e39a35db03c1e09d92d595\",\r\n          \"size\": 15367\r\n        }\r\n      }\r\n    },\r\n    {\r\n      \"name\": \"org.apache.logging.log4j:log4j-api:2.11.2\",\r\n      \"downloads\": {\r\n        \"artifact\": {\r\n          \"path\": \"org/apache/logging/log4j/log4j-api/2.11.2/log4j-api-2.11.2.jar\",\r\n          \"url\": \"https://modloaders.forgecdn.net/647622546/maven/org/apache/logging/log4j/log4j-api/2.11.2/log4j-api-2.11.2.jar\",\r\n          \"sha1\": \"f5e9a2ffca496057d6891a3de65128efc636e26e\",\r\n          \"size\": 266283\r\n        }\r\n      }\r\n    },\r\n    {\r\n      \"name\": \"org.apache.logging.log4j:log4j-core:2.11.2\",\r\n      \"downloads\": {\r\n        \"artifact\": {\r\n          \"path\": \"org/apache/logging/log4j/log4j-core/2.11.2/log4j-core-2.11.2.jar\",\r\n          \"url\": \"https://modloaders.forgecdn.net/647622546/maven/org/apache/logging/log4j/log4j-core/2.11.2/log4j-core-2.11.2.jar\",\r\n          \"sha1\": \"6c2fb3f5b7cd27504726aef1b674b542a0c9cf53\",\r\n          \"size\": 1629585\r\n        }\r\n      }\r\n    },\r\n    {\r\n      \"name\": \"net.minecrell:terminalconsoleappender:1.2.0\",\r\n      \"downloads\": {\r\n        \"artifact\": {\r\n          \"path\": \"net/minecrell/terminalconsoleappender/1.2.0/terminalconsoleappender-1.2.0.jar\",\r\n          \"url\": \"https://modloaders.forgecdn.net/647622546/maven/net/minecrell/terminalconsoleappender/1.2.0/terminalconsoleappender-1.2.0.jar\",\r\n          \"sha1\": \"96d02cd3b384ff015a8fef4223bcb4ccf1717c95\",\r\n          \"size\": 15977\r\n        }\r\n      }\r\n    },\r\n    {\r\n      \"name\": \"net.sf.jopt-simple:jopt-simple:5.0.4\",\r\n      \"downloads\": {\r\n        \"artifact\": {\r\n          \"path\": \"net/sf/jopt-simple/jopt-simple/5.0.4/jopt-simple-5.0.4.jar\",\r\n          \"url\": \"https://modloaders.forgecdn.net/647622546/maven/net/sf/jopt-simple/jopt-simple/5.0.4/jopt-simple-5.0.4.jar\",\r\n          \"sha1\": \"4fdac2fbe92dfad86aa6e9301736f6b4342a3f5c\",\r\n          \"size\": 78146\r\n        }\r\n      }\r\n    },\r\n    {\r\n      \"name\": \"org.spongepowered:mixin:0.8\",\r\n      \"downloads\": {\r\n        \"artifact\": {\r\n          \"path\": \"org/spongepowered/mixin/0.8/mixin-0.8.jar\",\r\n          \"url\": \"https://modloaders.forgecdn.net/647622546/maven/org/spongepowered/mixin/0.8/mixin-0.8.jar\",\r\n          \"sha1\": \"dbe9e5db694a7c3cd644d5bb98f8a21295c75048\",\r\n          \"size\": 931239\r\n        }\r\n      }\r\n    }\r\n  ],\r\n  \"mainClass\": \"cpw.mods.modlauncher.Launcher\",\r\n  \"arguments\": {\r\n    \"game\": [\r\n      \"--launchTarget\",\r\n      \"fmlclient\",\r\n      \"--fml.forgeVersion\",\r\n      \"32.0.108\",\r\n      \"--fml.mcVersion\",\r\n      \"1.16.1\",\r\n      \"--fml.forgeGroup\",\r\n      \"net.minecraftforge\",\r\n      \"--fml.mcpVersion\",\r\n      \"20200625.160719\"\r\n    ]\r\n  }\r\n}",
    "librariesInstallLocation": "{0}\\libraries\\net\\minecraftforge\\forge\\1.16.1-32.0.108",
    "minecraftVersion": "1.16.1",
    "modLoaderGameVersionId": 8008,
    "modLoaderGameVersionTypeId": 3,
    "modLoaderGameVersionStatus": 1,
    "modLoaderGameVersionTypeStatus": 1,
    "mcGameVersionId": 7892,
    "mcGameVersionTypeId": 70886,
    "mcGameVersionStatus": 1,
    "mcGameVersionTypeStatus": 1,
    "installProfileJson": "{\r\n  \"_comment_\": [\r\n    \"Please do not automate the download and installation of Forge.\",\r\n    \"Our efforts are supported by ads from the download page.\",\r\n    \"If you MUST automate this, please consider supporting the project through https://www.patreon.com/LexManos/\"\r\n  ],\r\n  \"profile\": \"forge\",\r\n  \"version\": \"1.16.1-forge-32.0.108\",\r\n  \"json\": \"/version.json\",\r\n  \"path\": \"net.minecraftforge:forge:1.16.1-32.0.108\",\r\n  \"logo\": \"/big_logo.png\",\r\n  \"minecraft\": \"1.16.1\",\r\n  \"welcome\": \"Welcome to the simple Forge installer.\",\r\n  \"data\": {\r\n    \"MAPPINGS\": {\r\n      \"client\": \"[de.oceanlabs.mcp:mcp_config:1.16.1-20200625.160719:mappings@txt]\",\r\n      \"server\": \"[de.oceanlabs.mcp:mcp_config:1.16.1-20200625.160719:mappings@txt]\"\r\n    },\r\n    \"BINPATCH\": {\r\n      \"client\": \"/data/client.lzma\",\r\n      \"server\": \"/data/server.lzma\"\r\n    },\r\n    \"MC_SLIM\": {\r\n      \"client\": \"[net.minecraft:client:1.16.1-20200625.160719:slim]\",\r\n      \"server\": \"[net.minecraft:server:1.16.1-20200625.160719:slim]\"\r\n    },\r\n    \"MC_SLIM_SHA\": {\r\n      \"client\": \"'45c55842118b13027e5d5dd356dbe7416627e613'\",\r\n      \"server\": \"'3f1b64c684df16a25e6c44079b06ac12131db572'\"\r\n    },\r\n    \"MC_EXTRA\": {\r\n      \"client\": \"[net.minecraft:client:1.16.1-20200625.160719:extra]\",\r\n      \"server\": \"[net.minecraft:server:1.16.1-20200625.160719:extra]\"\r\n    },\r\n    \"MC_EXTRA_SHA\": {\r\n      \"client\": \"'39dea0232fd046c5ff8b24c9fce119994d80db14'\",\r\n      \"server\": \"'501b61ed1857f6452fe36a5faaf1265d38999c6f'\"\r\n    },\r\n    \"MC_SRG\": {\r\n      \"client\": \"[net.minecraft:client:1.16.1-20200625.160719:srg]\",\r\n      \"server\": \"[net.minecraft:server:1.16.1-20200625.160719:srg]\"\r\n    },\r\n    \"PATCHED\": {\r\n      \"client\": \"[net.minecraftforge:forge:1.16.1-32.0.108:client]\",\r\n      \"server\": \"[net.minecraftforge:forge:1.16.1-32.0.108:server]\"\r\n    },\r\n    \"PATCHED_SHA\": {\r\n      \"client\": \"'bc3684d01135fb2c139929607481305c8df4097e'\",\r\n      \"server\": \"'35a8f893b7b7e46ee0df59803ca44027735cba1b'\"\r\n    },\r\n    \"MCP_VERSION\": {\r\n      \"client\": \"'20200625.160719'\",\r\n      \"server\": \"'20200625.160719'\"\r\n    }\r\n  },\r\n  \"processors\": [\r\n    {\r\n      \"jar\": \"net.minecraftforge:installertools:1.1.11\",\r\n      \"classpath\": [\r\n        \"net.md-5:SpecialSource:1.8.5\",\r\n        \"net.sf.jopt-simple:jopt-simple:5.0.4\",\r\n        \"com.google.code.gson:gson:2.8.0\",\r\n        \"de.siegmar:fastcsv:1.0.2\",\r\n        \"org.ow2.asm:asm-commons:6.1.1\",\r\n        \"com.google.guava:guava:20.0\",\r\n        \"net.sf.opencsv:opencsv:2.3\",\r\n        \"org.ow2.asm:asm-analysis:6.1.1\",\r\n        \"org.ow2.asm:asm-tree:6.1.1\",\r\n        \"org.ow2.asm:asm:6.1.1\"\r\n      ],\r\n      \"args\": [\r\n        \"--task\",\r\n        \"MCP_DATA\",\r\n        \"--input\",\r\n        \"[de.oceanlabs.mcp:mcp_config:1.16.1-20200625.160719@zip]\",\r\n        \"--output\",\r\n        \"{MAPPINGS}\",\r\n        \"--key\",\r\n        \"mappings\"\r\n      ]\r\n    },\r\n    {\r\n      \"jar\": \"net.minecraftforge:jarsplitter:1.1.2\",\r\n      \"classpath\": [\r\n        \"net.sf.jopt-simple:jopt-simple:5.0.4\"\r\n      ],\r\n      \"args\": [\r\n        \"--input\",\r\n        \"{MINECRAFT_JAR}\",\r\n        \"--slim\",\r\n        \"{MC_SLIM}\",\r\n        \"--extra\",\r\n        \"{MC_EXTRA}\",\r\n        \"--srg\",\r\n        \"{MAPPINGS}\"\r\n      ]\r\n    },\r\n    {\r\n      \"jar\": \"net.md-5:SpecialSource:1.8.5\",\r\n      \"classpath\": [\r\n        \"org.ow2.asm:asm-commons:6.1.1\",\r\n        \"net.sf.jopt-simple:jopt-simple:4.9\",\r\n        \"com.google.guava:guava:20.0\",\r\n        \"net.sf.opencsv:opencsv:2.3\",\r\n        \"org.ow2.asm:asm-analysis:6.1.1\",\r\n        \"org.ow2.asm:asm-tree:6.1.1\",\r\n        \"org.ow2.asm:asm:6.1.1\"\r\n      ],\r\n      \"args\": [\r\n        \"--in-jar\",\r\n        \"{MC_SLIM}\",\r\n        \"--out-jar\",\r\n        \"{MC_SRG}\",\r\n        \"--srg-in\",\r\n        \"{MAPPINGS}\"\r\n      ]\r\n    },\r\n    {\r\n      \"jar\": \"net.minecraftforge:binarypatcher:1.0.12\",\r\n      \"classpath\": [\r\n        \"commons-io:commons-io:2.4\",\r\n        \"com.google.guava:guava:25.1-jre\",\r\n        \"net.sf.jopt-simple:jopt-simple:5.0.4\",\r\n        \"com.github.jponge:lzma-java:1.3\",\r\n        \"com.nothome:javaxdelta:2.0.1\",\r\n        \"com.google.code.findbugs:jsr305:3.0.2\",\r\n        \"org.checkerframework:checker-qual:2.0.0\",\r\n        \"com.google.errorprone:error_prone_annotations:2.1.3\",\r\n        \"com.google.j2objc:j2objc-annotations:1.1\",\r\n        \"org.codehaus.mojo:animal-sniffer-annotations:1.14\",\r\n        \"trove:trove:1.0.2\"\r\n      ],\r\n      \"args\": [\r\n        \"--clean\",\r\n        \"{MC_SRG}\",\r\n        \"--output\",\r\n        \"{PATCHED}\",\r\n        \"--apply\",\r\n        \"{BINPATCH}\"\r\n      ]\r\n    }\r\n  ],\r\n  \"libraries\": [\r\n    {\r\n      \"name\": \"com.github.jponge:lzma-java:1.3\",\r\n      \"downloads\": {\r\n        \"artifact\": {\r\n          \"path\": \"com/github/jponge/lzma-java/1.3/lzma-java-1.3.jar\",\r\n          \"url\": \"https://modloaders.forgecdn.net/647622546/maven/com/github/jponge/lzma-java/1.3/lzma-java-1.3.jar\",\r\n          \"sha1\": \"a25db9d4d385ccda4825ae1b47a7a61d86e595af\",\r\n          \"size\": 51041\r\n        }\r\n      }\r\n    },\r\n    {\r\n      \"name\": \"com.google.code.findbugs:jsr305:3.0.2\",\r\n      \"downloads\": {\r\n        \"artifact\": {\r\n          \"path\": \"com/google/code/findbugs/jsr305/3.0.2/jsr305-3.0.2.jar\",\r\n          \"url\": \"https://modloaders.forgecdn.net/647622546/maven/com/google/code/findbugs/jsr305/3.0.2/jsr305-3.0.2.jar\",\r\n          \"sha1\": \"25ea2e8b0c338a877313bd4672d3fe056ea78f0d\",\r\n          \"size\": 19936\r\n        }\r\n      }\r\n    },\r\n    {\r\n      \"name\": \"com.google.code.gson:gson:2.8.0\",\r\n      \"downloads\": {\r\n        \"artifact\": {\r\n          \"path\": \"com/google/code/gson/gson/2.8.0/gson-2.8.0.jar\",\r\n          \"url\": \"https://modloaders.forgecdn.net/647622546/maven/com/google/code/gson/gson/2.8.0/gson-2.8.0.jar\",\r\n          \"sha1\": \"c4ba5371a29ac9b2ad6129b1d39ea38750043eff\",\r\n          \"size\": 231952\r\n        }\r\n      }\r\n    },\r\n    {\r\n      \"name\": \"com.google.errorprone:error_prone_annotations:2.1.3\",\r\n      \"downloads\": {\r\n        \"artifact\": {\r\n          \"path\": \"com/google/errorprone/error_prone_annotations/2.1.3/error_prone_annotations-2.1.3.jar\",\r\n          \"url\": \"https://modloaders.forgecdn.net/647622546/maven/com/google/errorprone/error_prone_annotations/2.1.3/error_prone_annotations-2.1.3.jar\",\r\n          \"sha1\": \"39b109f2cd352b2d71b52a3b5a1a9850e1dc304b\",\r\n          \"size\": 13704\r\n        }\r\n      }\r\n    },\r\n    {\r\n      \"name\": \"com.google.guava:guava:20.0\",\r\n      \"downloads\": {\r\n        \"artifact\": {\r\n          \"path\": \"com/google/guava/guava/20.0/guava-20.0.jar\",\r\n          \"url\": \"https://modloaders.forgecdn.net/647622546/maven/com/google/guava/guava/20.0/guava-20.0.jar\",\r\n          \"sha1\": \"89507701249388e1ed5ddcf8c41f4ce1be7831ef\",\r\n          \"size\": 2442625\r\n        }\r\n      }\r\n    },\r\n    {\r\n      \"name\": \"com.google.guava:guava:25.1-jre\",\r\n      \"downloads\": {\r\n        \"artifact\": {\r\n          \"path\": \"com/google/guava/guava/25.1-jre/guava-25.1-jre.jar\",\r\n          \"url\": \"https://modloaders.forgecdn.net/647622546/maven/com/google/guava/guava/25.1-jre/guava-25.1-jre.jar\",\r\n          \"sha1\": \"6c57e4b22b44e89e548b5c9f70f0c45fe10fb0b4\",\r\n          \"size\": 2734339\r\n        }\r\n      }\r\n    },\r\n    {\r\n      \"name\": \"com.google.j2objc:j2objc-annotations:1.1\",\r\n      \"downloads\": {\r\n        \"artifact\": {\r\n          \"path\": \"com/google/j2objc/j2objc-annotations/1.1/j2objc-annotations-1.1.jar\",\r\n          \"url\": \"https://modloaders.forgecdn.net/647622546/maven/com/google/j2objc/j2objc-annotations/1.1/j2objc-annotations-1.1.jar\",\r\n          \"sha1\": \"ed28ded51a8b1c6b112568def5f4b455e6809019\",\r\n          \"size\": 8782\r\n        }\r\n      }\r\n    },\r\n    {\r\n      \"name\": \"com.nothome:javaxdelta:2.0.1\",\r\n      \"downloads\": {\r\n        \"artifact\": {\r\n          \"path\": \"com/nothome/javaxdelta/2.0.1/javaxdelta-2.0.1.jar\",\r\n          \"url\": \"https://modloaders.forgecdn.net/647622546/maven/com/nothome/javaxdelta/2.0.1/javaxdelta-2.0.1.jar\",\r\n          \"sha1\": \"d4f5d077f1b15c6f67595015d69572303ad3f66d\",\r\n          \"size\": 38995\r\n        }\r\n      }\r\n    },\r\n    {\r\n      \"name\": \"commons-io:commons-io:2.4\",\r\n      \"downloads\": {\r\n        \"artifact\": {\r\n          \"path\": \"commons-io/commons-io/2.4/commons-io-2.4.jar\",\r\n          \"url\": \"https://modloaders.forgecdn.net/647622546/maven/commons-io/commons-io/2.4/commons-io-2.4.jar\",\r\n          \"sha1\": \"b1b6ea3b7e4aa4f492509a4952029cd8e48019ad\",\r\n          \"size\": 185140\r\n        }\r\n      }\r\n    },\r\n    {\r\n      \"name\": \"de.oceanlabs.mcp:mcp_config:1.16.1-20200625.160719@zip\",\r\n      \"downloads\": {\r\n        \"artifact\": {\r\n          \"path\": \"de/oceanlabs/mcp/mcp_config/1.16.1-20200625.160719/mcp_config-1.16.1-20200625.160719.zip\",\r\n          \"url\": \"https://modloaders.forgecdn.net/647622546/maven/de/oceanlabs/mcp/mcp_config/1.16.1-20200625.160719/mcp_config-1.16.1-20200625.160719.zip\",\r\n          \"sha1\": \"1b690668f83fb7f840017deccbe62e4ca82a7c0c\",\r\n          \"size\": 754061\r\n        }\r\n      }\r\n    },\r\n    {\r\n      \"name\": \"de.siegmar:fastcsv:1.0.2\",\r\n      \"downloads\": {\r\n        \"artifact\": {\r\n          \"path\": \"de/siegmar/fastcsv/1.0.2/fastcsv-1.0.2.jar\",\r\n          \"url\": \"https://modloaders.forgecdn.net/647622546/maven/de/siegmar/fastcsv/1.0.2/fastcsv-1.0.2.jar\",\r\n          \"sha1\": \"28df8e24cf973f7620816051fbd4b0ab8adde36e\",\r\n          \"size\": 16133\r\n        }\r\n      }\r\n    },\r\n    {\r\n      \"name\": \"net.md-5:SpecialSource:1.8.5\",\r\n      \"downloads\": {\r\n        \"artifact\": {\r\n          \"path\": \"net/md-5/SpecialSource/1.8.5/SpecialSource-1.8.5.jar\",\r\n          \"url\": \"https://modloaders.forgecdn.net/647622546/maven/net/md-5/SpecialSource/1.8.5/SpecialSource-1.8.5.jar\",\r\n          \"sha1\": \"c670c493c436a885c872fa4810bc698628b95922\",\r\n          \"size\": 81179\r\n        }\r\n      }\r\n    },\r\n    {\r\n      \"name\": \"net.minecraftforge:binarypatcher:1.0.12\",\r\n      \"downloads\": {\r\n        \"artifact\": {\r\n          \"path\": \"net/minecraftforge/binarypatcher/1.0.12/binarypatcher-1.0.12.jar\",\r\n          \"url\": \"https://modloaders.forgecdn.net/647622546/maven/net/minecraftforge/binarypatcher/1.0.12/binarypatcher-1.0.12.jar\",\r\n          \"sha1\": \"971ea098f83ef2e1b96c1b7849465bb79fd05838\",\r\n          \"size\": 16491\r\n        }\r\n      }\r\n    },\r\n    {\r\n      \"name\": \"net.minecraftforge:forge:1.16.1-32.0.108:universal\",\r\n      \"downloads\": {\r\n        \"artifact\": {\r\n          \"path\": \"net/minecraftforge/forge/1.16.1-32.0.108/forge-1.16.1-32.0.108-universal.jar\",\r\n          \"url\": \"\",\r\n          \"sha1\": \"5b041877ae68204ffa2043f8acd86a9b7388dd83\",\r\n          \"size\": 2212022\r\n        }\r\n      }\r\n    },\r\n    {\r\n      \"name\": \"net.minecraftforge:installertools:1.1.11\",\r\n      \"downloads\": {\r\n        \"artifact\": {\r\n          \"path\": \"net/minecraftforge/installertools/1.1.11/installertools-1.1.11.jar\",\r\n          \"url\": \"https://modloaders.forgecdn.net/647622546/maven/net/minecraftforge/installertools/1.1.11/installertools-1.1.11.jar\",\r\n          \"sha1\": \"dc21c749fc4b05fbd8e8d63bee3955b38239da38\",\r\n          \"size\": 54303\r\n        }\r\n      }\r\n    },\r\n    {\r\n      \"name\": \"net.minecraftforge:jarsplitter:1.1.2\",\r\n      \"downloads\": {\r\n        \"artifact\": {\r\n          \"path\": \"net/minecraftforge/jarsplitter/1.1.2/jarsplitter-1.1.2.jar\",\r\n          \"url\": \"https://modloaders.forgecdn.net/647622546/maven/net/minecraftforge/jarsplitter/1.1.2/jarsplitter-1.1.2.jar\",\r\n          \"sha1\": \"7d6c2c293883c220e7622087849b26a35b3318e5\",\r\n          \"size\": 7981\r\n        }\r\n      }\r\n    },\r\n    {\r\n      \"name\": \"net.sf.jopt-simple:jopt-simple:4.9\",\r\n      \"downloads\": {\r\n        \"artifact\": {\r\n          \"path\": \"net/sf/jopt-simple/jopt-simple/4.9/jopt-simple-4.9.jar\",\r\n          \"url\": \"https://modloaders.forgecdn.net/647622546/maven/net/sf/jopt-simple/jopt-simple/4.9/jopt-simple-4.9.jar\",\r\n          \"sha1\": \"ee9e9eaa0a35360dcfeac129ff4923215fd65904\",\r\n          \"size\": 66469\r\n        }\r\n      }\r\n    },\r\n    {\r\n      \"name\": \"net.sf.jopt-simple:jopt-simple:5.0.4\",\r\n      \"downloads\": {\r\n        \"artifact\": {\r\n          \"path\": \"net/sf/jopt-simple/jopt-simple/5.0.4/jopt-simple-5.0.4.jar\",\r\n          \"url\": \"https://modloaders.forgecdn.net/647622546/maven/net/sf/jopt-simple/jopt-simple/5.0.4/jopt-simple-5.0.4.jar\",\r\n          \"sha1\": \"4fdac2fbe92dfad86aa6e9301736f6b4342a3f5c\",\r\n          \"size\": 78146\r\n        }\r\n      }\r\n    },\r\n    {\r\n      \"name\": \"net.sf.opencsv:opencsv:2.3\",\r\n      \"downloads\": {\r\n        \"artifact\": {\r\n          \"path\": \"net/sf/opencsv/opencsv/2.3/opencsv-2.3.jar\",\r\n          \"url\": \"https://modloaders.forgecdn.net/647622546/maven/net/sf/opencsv/opencsv/2.3/opencsv-2.3.jar\",\r\n          \"sha1\": \"c23708cdb9e80a144db433e23344a788a1fd6599\",\r\n          \"size\": 19827\r\n        }\r\n      }\r\n    },\r\n    {\r\n      \"name\": \"org.checkerframework:checker-qual:2.0.0\",\r\n      \"downloads\": {\r\n        \"artifact\": {\r\n          \"path\": \"org/checkerframework/checker-qual/2.0.0/checker-qual-2.0.0.jar\",\r\n          \"url\": \"https://modloaders.forgecdn.net/647622546/maven/org/checkerframework/checker-qual/2.0.0/checker-qual-2.0.0.jar\",\r\n          \"sha1\": \"518929596ee3249127502a8573b2e008e2d51ed3\",\r\n          \"size\": 343222\r\n        }\r\n      }\r\n    },\r\n    {\r\n      \"name\": \"org.codehaus.mojo:animal-sniffer-annotations:1.14\",\r\n      \"downloads\": {\r\n        \"artifact\": {\r\n          \"path\": \"org/codehaus/mojo/animal-sniffer-annotations/1.14/animal-sniffer-annotations-1.14.jar\",\r\n          \"url\": \"https://modloaders.forgecdn.net/647622546/maven/org/codehaus/mojo/animal-sniffer-annotations/1.14/animal-sniffer-annotations-1.14.jar\",\r\n          \"sha1\": \"775b7e22fb10026eed3f86e8dc556dfafe35f2d5\",\r\n          \"size\": 3482\r\n        }\r\n      }\r\n    },\r\n    {\r\n      \"name\": \"org.ow2.asm:asm-analysis:6.1.1\",\r\n      \"downloads\": {\r\n        \"artifact\": {\r\n          \"path\": \"org/ow2/asm/asm-analysis/6.1.1/asm-analysis-6.1.1.jar\",\r\n          \"url\": \"https://modloaders.forgecdn.net/647622546/maven/org/ow2/asm/asm-analysis/6.1.1/asm-analysis-6.1.1.jar\",\r\n          \"sha1\": \"376d85732456ec4d2c4bc020ee152061c61f00b5\",\r\n          \"size\": 31979\r\n        }\r\n      }\r\n    },\r\n    {\r\n      \"name\": \"org.ow2.asm:asm-commons:6.1.1\",\r\n      \"downloads\": {\r\n        \"artifact\": {\r\n          \"path\": \"org/ow2/asm/asm-commons/6.1.1/asm-commons-6.1.1.jar\",\r\n          \"url\": \"https://modloaders.forgecdn.net/647622546/maven/org/ow2/asm/asm-commons/6.1.1/asm-commons-6.1.1.jar\",\r\n          \"sha1\": \"70a7deee986e66c015cea1c9978f9654cc667020\",\r\n          \"size\": 77745\r\n        }\r\n      }\r\n    },\r\n    {\r\n      \"name\": \"org.ow2.asm:asm-tree:6.1.1\",\r\n      \"downloads\": {\r\n        \"artifact\": {\r\n          \"path\": \"org/ow2/asm/asm-tree/6.1.1/asm-tree-6.1.1.jar\",\r\n          \"url\": \"https://modloaders.forgecdn.net/647622546/maven/org/ow2/asm/asm-tree/6.1.1/asm-tree-6.1.1.jar\",\r\n          \"sha1\": \"19fdc358e7bd3986b9867de508ce6cefa693dda6\",\r\n          \"size\": 50050\r\n        }\r\n      }\r\n    },\r\n    {\r\n      \"name\": \"org.ow2.asm:asm:6.1.1\",\r\n      \"downloads\": {\r\n        \"artifact\": {\r\n          \"path\": \"org/ow2/asm/asm/6.1.1/asm-6.1.1.jar\",\r\n          \"url\": \"https://modloaders.forgecdn.net/647622546/maven/org/ow2/asm/asm/6.1.1/asm-6.1.1.jar\",\r\n          \"sha1\": \"264754515362d92acd39e8d40395f6b8dee7bc08\",\r\n          \"size\": 108252\r\n        }\r\n      }\r\n    },\r\n    {\r\n      \"name\": \"trove:trove:1.0.2\",\r\n      \"downloads\": {\r\n        \"artifact\": {\r\n          \"path\": \"trove/trove/1.0.2/trove-1.0.2.jar\",\r\n          \"url\": \"https://modloaders.forgecdn.net/647622546/maven/trove/trove/1.0.2/trove-1.0.2.jar\",\r\n          \"sha1\": \"112b40581ab9a4d3de4636d49985a7f686d181c8\",\r\n          \"size\": 361155\r\n        }\r\n      }\r\n    },\r\n    {\r\n      \"name\": \"net.minecraftforge:forge:1.16.1-32.0.108:universal\",\r\n      \"downloads\": {\r\n        \"artifact\": {\r\n          \"path\": \"net/minecraftforge/forge/1.16.1-32.0.108/forge-1.16.1-32.0.108-universal.jar\",\r\n          \"url\": \"https://modloaders.forgecdn.net/647622546/maven/net/minecraftforge/forge/1.16.1-32.0.108/forge-1.16.1-32.0.108-universal.jar\",\r\n          \"size\": 0\r\n        }\r\n      }\r\n    },\r\n    {\r\n      \"name\": \"net.minecraftforge:forge:1.16.1-32.0.108:clientdata@lzma\",\r\n      \"downloads\": {\r\n        \"artifact\": {\r\n          \"path\": \"net/minecraftforge/forge/1.16.1-32.0.108/forge-1.16.1-32.0.108-clientdata.lzma\",\r\n          \"url\": \"https://modloaders.forgecdn.net/647622546/maven/net/minecraftforge/forge/1.16.1-32.0.108/forge-1.16.1-32.0.108-clientdata.lzma\",\r\n          \"size\": 0\r\n        }\r\n      }\r\n    }\r\n  ]\r\n}"
  },
  "isUnlocked": true,
  "javaArgsOverride": null,
  "javaDirOverride": null,
  "lastPlayed": "2020-08-13T18:02:55.4247258Z",
  "manifest": null,
  "fileDate": "0001-01-01T00:00:00",
  "installedModpack": null,
  "projectID": 0,
  "fileID": 0,
  "customAuthor": "G01DEYE",
  "modpackOverrides": null,
  "isMemoryOverride": false,
  "allocatedMemory": 9984,
  "guid": "0d3eb418-ac2d-4048-9e8b-f76d2ae0e5e5",
  "gameTypeID": 432,
  "installPath": "C:\\Users\\jackp\\OneDrive\\Documents\\Curse\\Minecraft\\Instances\\sdfghsdfhsdf\\",
  "name": "sdfghsdfhsdf",
  "cachedScans": [
    {
      "folderName": "ShulkerTooltip-1.9.3.jar",
      "fingerprint": 2785056791,
      "fileDateHash": 185443621,
      "sectionID": 8,
      "individualFingerprints": [
        2785056791
      ],
      "status": 1,
      "timestamp": "2020-08-13T17:57:05.8462434Z",
      "lastWriteTimeUtc": "2020-08-13T17:55:49.9875427Z",
      "queryTimestamp": "2020-08-13T17:57:06.0695604Z",
      "fileCount": 1,
      "fileSize": 11286
    },
    {
      "folderName": "MixinBootstrap-1.0.3.jar",
      "fingerprint": 1852187718,
      "fileDateHash": 4175838840,
      "sectionID": 8,
      "individualFingerprints": [
        1852187718
      ],
      "status": 1,
      "timestamp": "2020-08-13T17:57:05.751297Z",
      "lastWriteTimeUtc": "2020-08-13T17:53:49.5812072Z",
      "queryTimestamp": "2020-08-13T17:57:06.0695604Z",
      "fileCount": 1,
      "fileSize": 1061758
    },
    {
      "folderName": "Ding-1.16.1-1.1.0.jar",
      "fingerprint": 1904544989,
      "fileDateHash": 4226587185,
      "sectionID": 8,
      "individualFingerprints": [
        1904544989
      ],
      "status": 1,
      "timestamp": "2020-08-13T17:57:05.7263111Z",
      "lastWriteTimeUtc": "2020-08-13T17:52:04.3045072Z",
      "queryTimestamp": "2020-08-13T17:57:06.0695604Z",
      "fileCount": 1,
      "fileSize": 8493
    },
    {
      "folderName": "CraftingTweaks_1.16.1-12.0.4.jar",
      "fingerprint": 3870184037,
      "fileDateHash": 332010286,
      "sectionID": 8,
      "individualFingerprints": [
        3870184037
      ],
      "status": 1,
      "timestamp": "2020-08-13T17:57:05.7243123Z",
      "lastWriteTimeUtc": "2020-08-13T17:51:55.1504672Z",
      "queryTimestamp": "2020-08-13T17:57:06.0695604Z",
      "fileCount": 1,
      "fileSize": 110353
    },
    {
      "folderName": "cloth-config-forge-4.0.1.jar",
      "fingerprint": 1062947682,
      "fileDateHash": 1769536309,
      "sectionID": 8,
      "individualFingerprints": [
        1062947682
      ],
      "status": 1,
      "timestamp": "2020-08-13T17:57:05.7203139Z",
      "lastWriteTimeUtc": "2020-08-13T17:51:43.8833592Z",
      "queryTimestamp": "2020-08-13T17:57:06.0705599Z",
      "fileCount": 1,
      "fileSize": 399258
    },
    {
      "folderName": "light-overlay-5.4.2.jar",
      "fingerprint": 4293282468,
      "fileDateHash": 2908267944,
      "sectionID": 8,
      "individualFingerprints": [
        4293282468
      ],
      "status": 1,
      "timestamp": "2020-08-13T17:57:05.7453006Z",
      "lastWriteTimeUtc": "2020-08-13T17:52:54.3447704Z",
      "queryTimestamp": "2020-08-13T17:57:06.0705599Z",
      "fileCount": 1,
      "fileSize": 467423
    },
    {
      "folderName": "fabric-api-0.17.0+build.386-1.16.1.jar",
      "fingerprint": 3170092429,
      "fileDateHash": 3470172934,
      "sectionID": 8,
      "individualFingerprints": [
        3170092429
      ],
      "status": 1,
      "timestamp": "2020-08-13T17:57:05.7263111Z",
      "lastWriteTimeUtc": "2020-08-13T17:52:13.0084064Z",
      "queryTimestamp": "2020-08-13T17:57:06.0705599Z",
      "fileCount": 1,
      "fileSize": 652958
    },
    {
      "folderName": "OptiFine_1.16.1_HD_U_G2 (1).jar",
      "fingerprint": 3851049589,
      "fileDateHash": 662025914,
      "sectionID": 8,
      "individualFingerprints": [
        3851049589
      ],
      "status": 1,
      "timestamp": "2020-08-13T18:02:42.4080234Z",
      "lastWriteTimeUtc": "2020-08-13T17:59:41.903461Z",
      "queryTimestamp": "2020-08-13T18:02:42.8176559Z",
      "fileCount": 1,
      "fileSize": 5683973
    },
    {
      "folderName": "Placebo-1.16.1-4.1.3.jar",
      "fingerprint": 1601875534,
      "fileDateHash": 1233913286,
      "sectionID": 8,
      "individualFingerprints": [
        1601875534
      ],
      "status": 1,
      "timestamp": "2020-08-13T17:57:05.7682868Z",
      "lastWriteTimeUtc": "2020-08-13T17:54:07.0892897Z",
      "queryTimestamp": "2020-08-13T17:57:06.0705599Z",
      "fileCount": 1,
      "fileSize": 94242
    },
    {
      "folderName": "JEITweaker-1.16.1-1.0.1.2.jar",
      "fingerprint": 1797988091,
      "fileDateHash": 1620127621,
      "sectionID": 8,
      "individualFingerprints": [
        1797988091
      ],
      "status": 1,
      "timestamp": "2020-08-13T17:57:05.7443006Z",
      "lastWriteTimeUtc": "2020-08-13T17:52:45.608547Z",
      "queryTimestamp": "2020-08-13T17:57:06.0705599Z",
      "fileCount": 1,
      "fileSize": 7603
    },
    {
      "folderName": "OptiForge-MC1.16.1-0.1.9.jar",
      "fingerprint": 973974135,
      "fileDateHash": 3291573719,
      "sectionID": 8,
      "individualFingerprints": [
        973974135
      ],
      "status": 1,
      "timestamp": "2020-08-13T17:57:05.7652888Z",
      "lastWriteTimeUtc": "2020-08-13T17:53:58.36914Z",
      "queryTimestamp": "2020-08-13T17:57:06.0715592Z",
      "fileCount": 1,
      "fileSize": 193160
    },
    {
      "folderName": "BetterTitleScreen-1.16.1-1.10.0.jar",
      "fingerprint": 3800830323,
      "fileDateHash": 2792996224,
      "sectionID": 8,
      "individualFingerprints": [
        3800830323
      ],
      "status": 1,
      "timestamp": "2020-08-13T17:57:05.7193149Z",
      "lastWriteTimeUtc": "2020-08-13T17:51:09.8092669Z",
      "queryTimestamp": "2020-08-13T17:57:06.0715592Z",
      "fileCount": 1,
      "fileSize": 12502
    },
    {
      "folderName": "worldedit-forge-mc1.16.1-7.2.0-beta-03.jar",
      "fingerprint": 3455349537,
      "fileDateHash": 548664968,
      "sectionID": 8,
      "individualFingerprints": [
        3455349537
      ],
      "status": 1,
      "timestamp": "2020-08-13T17:57:05.8462434Z",
      "lastWriteTimeUtc": "2020-08-13T17:56:33.57727Z",
      "queryTimestamp": "2020-08-13T17:57:06.0715592Z",
      "fileCount": 1,
      "fileSize": 4504825
    },
    {
      "folderName": "JEIEnchantmentInfo-1.16.1-1.2.0.jar",
      "fingerprint": 2900049535,
      "fileDateHash": 1277702593,
      "sectionID": 8,
      "individualFingerprints": [
        2900049535
      ],
      "status": 1,
      "timestamp": "2020-08-13T17:57:05.7433011Z",
      "lastWriteTimeUtc": "2020-08-13T17:52:42.2876334Z",
      "queryTimestamp": "2020-08-13T17:57:06.0715592Z",
      "fileCount": 1,
      "fileSize": 31219
    },
    {
      "folderName": "jei-1.16.1-7.0.1.10.jar",
      "fingerprint": 2321574851,
      "fileDateHash": 482915501,
      "sectionID": 8,
      "individualFingerprints": [
        2321574851
      ],
      "status": 1,
      "timestamp": "2020-08-13T17:57:05.7343065Z",
      "lastWriteTimeUtc": "2020-08-13T17:52:22.713499Z",
      "queryTimestamp": "2020-08-13T17:57:06.0715592Z",
      "fileCount": 1,
      "fileSize": 718808
    },
    {
      "folderName": "randompatches-1.16.1-1.22.1.1.jar",
      "fingerprint": 23542542,
      "fileDateHash": 2853083783,
      "sectionID": 8,
      "individualFingerprints": [
        23542542
      ],
      "status": 1,
      "timestamp": "2020-08-13T17:57:05.842244Z",
      "lastWriteTimeUtc": "2020-08-13T17:55:15.9714802Z",
      "queryTimestamp": "2020-08-13T17:57:06.0715592Z",
      "fileCount": 1,
      "fileSize": 209583
    },
    {
      "folderName": "Batty's Coordinates PLUS Mod for Forge-1.16.1-0.3.0.jar",
      "fingerprint": 919286440,
      "fileDateHash": 185781956,
      "sectionID": 8,
      "individualFingerprints": [
        919286440
      ],
      "status": 1,
      "timestamp": "2020-08-13T17:57:05.7173169Z",
      "lastWriteTimeUtc": "2020-08-13T17:49:38.8714035Z",
      "queryTimestamp": "2020-08-13T17:57:06.0725584Z",
      "fileCount": 1,
      "fileSize": 60355
    },
    {
      "folderName": "maptooltip-1.16.1-1.1.jar",
      "fingerprint": 2889584986,
      "fileDateHash": 1532400650,
      "sectionID": 8,
      "individualFingerprints": [
        2889584986
      ],
      "status": 1,
      "timestamp": "2020-08-13T17:57:05.7502972Z",
      "lastWriteTimeUtc": "2020-08-13T17:53:16.6285562Z",
      "queryTimestamp": "2020-08-13T17:57:06.0725584Z",
      "fileCount": 1,
      "fileSize": 9741
    }
  ],
  "isValid": true,
  "lastPreviousMatchUpdate": "2020-08-13T17:57:06.4326405Z",
  "isEnabled": true,
  "isPinned": false,
  "gameVersion": "1.16.1",
  "preferenceAlternateFile": false,
  "preferenceAutoInstallUpdates": false,
  "preferenceQuickDeleteLibraries": true,
  "preferenceDeleteSavedVariables": true,
  "preferenceProcessFileCommands": true,
  "preferenceReleaseType": 1,
  "syncProfile": {
    "PreferenceEnabled": false,
    "PreferenceAutoSync": true,
    "PreferenceAutoDelete": false,
    "PreferenceBackupSavedVariables": false,
    "GameInstanceGuid": "00000000-0000-0000-0000-000000000000",
    "SyncProfileID": 0,
    "SavedVariablesProfile": null,
    "LastSyncDate": "0001-01-01T00:00:00"
  },
  "preferenceShowAddOnInfo": true,
  "installDate": "2020-08-13T17:49:11.7617993Z",
  "installedAddons": [
    {
      "addonID": 224223,
      "gameInstanceID": "0d3eb418-ac2d-4048-9e8b-f76d2ae0e5e5",
      "installedFile": {
        "id": 2993841,
        "displayName": "BetterTitleScreen-1.16.1-1.10.0.jar",
        "fileName": "BetterTitleScreen-1.16.1-1.10.0.jar",
        "fileDate": "2020-07-01T12:48:46.913Z",
        "fileLength": 12502,
        "releaseType": 1,
        "fileStatus": 4,
        "downloadUrl": "https://edge.forgecdn.net/files/2993/841/BetterTitleScreen-1.16.1-1.10.0.jar",
        "isAlternate": false,
        "alternateFileId": 0,
        "dependencies": [],
        "isAvailable": true,
        "modules": [
          {
            "foldername": "META-INF",
            "fingerprint": 2162716144,
            "type": 0
          },
          {
            "foldername": "com",
            "fingerprint": 2204979975,
            "type": 0
          },
          {
            "foldername": "assets",
            "fingerprint": 599788308,
            "type": 0
          },
          {
            "foldername": "logo.png",
            "fingerprint": 1602153178,
            "type": 0
          },
          {
            "foldername": "pack.mcmeta",
            "fingerprint": 1346560435,
            "type": 0
          }
        ],
        "packageFingerprint": 3800830323,
        "gameVersion": [
          "1.16.1",
          "Forge"
        ],
        "hasInstallScript": false,
        "isCompatibleWithClient": false,
        "categorySectionPackageType": 0,
        "restrictProjectFileAccess": 0,
        "projectStatus": 0,
        "projectId": 0,
        "gameVersionDateReleased": "2019-08-01T00:00:00Z",
        "gameId": 0,
        "isServerPack": false,
        "FileNameOnDisk": "BetterTitleScreen-1.16.1-1.10.0.jar"
      },
      "dateInstalled": "2020-08-13T17:51:09.8092669Z",
      "dateUpdated": "2020-08-13T17:51:09.8132639Z",
      "dateLastUpdateAttempted": "2020-08-13T17:51:09.8132639Z",
      "status": 4,
      "preferenceAutoInstallUpdates": false,
      "preferenceAlternateFile": false,
      "preferenceIsIgnored": false,
      "isModified": false,
      "isWorkingCopy": false,
      "isFuzzyMatch": false,
      "preferenceReleaseType": null,
      "manifestName": null,
      "installedTargets": []
    },
    {
      "addonID": 368718,
      "gameInstanceID": "0d3eb418-ac2d-4048-9e8b-f76d2ae0e5e5",
      "installedFile": {
        "id": 3003395,
        "displayName": "JEITweaker-1.16.1-1.0.1.2.jar",
        "fileName": "JEITweaker-1.16.1-1.0.1.2.jar",
        "fileDate": "2020-07-12T23:27:30.407Z",
        "fileLength": 7603,
        "releaseType": 1,
        "fileStatus": 4,
        "downloadUrl": "https://edge.forgecdn.net/files/3003/395/JEITweaker-1.16.1-1.0.1.2.jar",
        "isAlternate": false,
        "alternateFileId": 3003396,
        "dependencies": [],
        "isAvailable": true,
        "modules": [
          {
            "foldername": "META-INF",
            "fingerprint": 4155783270,
            "type": 0
          },
          {
            "foldername": "com",
            "fingerprint": 3354985442,
            "type": 0
          },
          {
            "foldername": "pack.mcmeta",
            "fingerprint": 3895712427,
            "type": 0
          }
        ],
        "packageFingerprint": 1797988091,
        "gameVersion": [
          "1.16.1",
          "Forge"
        ],
        "hasInstallScript": false,
        "isCompatibleWithClient": false,
        "categorySectionPackageType": 0,
        "restrictProjectFileAccess": 0,
        "projectStatus": 0,
        "projectId": 0,
        "gameVersionDateReleased": "2008-03-01T06:00:00Z",
        "gameId": 0,
        "isServerPack": false,
        "FileNameOnDisk": "JEITweaker-1.16.1-1.0.1.2.jar"
      },
      "dateInstalled": "2020-08-13T17:52:45.608547Z",
      "dateUpdated": "2020-08-13T17:52:45.6125415Z",
      "dateLastUpdateAttempted": "2020-08-13T17:52:45.6125415Z",
      "status": 4,
      "preferenceAutoInstallUpdates": false,
      "preferenceAlternateFile": false,
      "preferenceIsIgnored": false,
      "isModified": false,
      "isWorkingCopy": false,
      "isFuzzyMatch": false,
      "preferenceReleaseType": null,
      "manifestName": null,
      "installedTargets": []
    },
    {
      "addonID": 400280,
      "gameInstanceID": "0d3eb418-ac2d-4048-9e8b-f76d2ae0e5e5",
      "installedFile": {
        "id": 3023914,
        "displayName": "OptiFine 1.16.1 HD U G2",
        "fileName": "OptiFine_1.16.1_HD_U_G2.jar",
        "fileDate": "2020-08-05T04:22:48.473Z",
        "fileLength": 5683973,
        "releaseType": 1,
        "fileStatus": 5,
        "downloadUrl": "https://edge.forgecdn.net/files/3023/914/OptiFine_1.16.1_HD_U_G2.jar",
        "isAlternate": false,
        "alternateFileId": 0,
        "dependencies": [],
        "isAvailable": false,
        "modules": [
          {
            "foldername": "patch",
            "fingerprint": 3032338843,
            "type": 3
          },
          {
            "foldername": "srg",
            "fingerprint": 595476862,
            "type": 3
          },
          {
            "foldername": "patch2.cfg",
            "fingerprint": 1107218100,
            "type": 3
          },
          {
            "foldername": "META-INF",
            "fingerprint": 1717074804,
            "type": 3
          },
          {
            "foldername": "ToCheck.txt",
            "fingerprint": 585593113,
            "type": 3
          },
          {
            "foldername": "assets",
            "fingerprint": 1830573755,
            "type": 3
          },
          {
            "foldername": "buildof.txt",
            "fingerprint": 501845312,
            "type": 3
          },
          {
            "foldername": "changelog.txt",
            "fingerprint": 614101862,
            "type": 3
          },
          {
            "foldername": "doc",
            "fingerprint": 2038359491,
            "type": 3
          },
          {
            "foldername": "files.txt",
            "fingerprint": 1026344491,
            "type": 3
          },
          {
            "foldername": "flattening_ids.txt",
            "fingerprint": 3632287611,
            "type": 3
          },
          {
            "foldername": "launchwrapper-of-2.1.jar",
            "fingerprint": 996484346,
            "type": 3
          },
          {
            "foldername": "launchwrapper-of.txt",
            "fingerprint": 1647664054,
            "type": 3
          },
          {
            "foldername": "net",
            "fingerprint": 1798255050,
            "type": 3
          },
          {
            "foldername": "optifine",
            "fingerprint": 3468143715,
            "type": 3
          },
          {
            "foldername": "patch.cfg",
            "fingerprint": 1617151778,
            "type": 3
          }
        ],
        "packageFingerprint": 3851049589,
        "gameVersion": [
          "1.16.1"
        ],
        "sortableGameVersion": [
          {
            "gameVersionPadded": "0000000001.0000000016.0000000001",
            "gameVersion": "1.16.1",
            "gameVersionReleaseDate": "2020-06-24T12:41:11.823Z",
            "gameVersionName": "1.16.1"
          }
        ],
        "hasInstallScript": false,
        "isCompatibleWithClient": false,
        "categorySectionPackageType": 6,
        "restrictProjectFileAccess": 1,
        "projectStatus": 5,
        "renderCacheId": 1946818,
        "projectId": 400280,
        "packageFingerprintId": 500066533,
        "gameVersionDateReleased": "2020-06-24T12:41:11.823Z",
        "gameVersionMappingId": 2358863,
        "gameVersionId": 7892,
        "gameId": 432,
        "isServerPack": false,
        "FileNameOnDisk": "OptiFine_1.16.1_HD_U_G2 (1).jar"
      },
      "dateInstalled": "2020-08-13T18:02:43.2125566Z",
      "dateUpdated": "2019-08-13T18:02:43.2125566Z",
      "dateLastUpdateAttempted": "0001-01-01T00:00:00",
      "status": 5,
      "preferenceAutoInstallUpdates": false,
      "preferenceAlternateFile": false,
      "preferenceIsIgnored": false,
      "isModified": true,
      "isWorkingCopy": false,
      "isFuzzyMatch": false,
      "preferenceReleaseType": null,
      "manifestName": null,
      "installedTargets": []
    },
    {
      "addonID": 285612,
      "gameInstanceID": "0d3eb418-ac2d-4048-9e8b-f76d2ae0e5e5",
      "installedFile": {
        "id": 3015905,
        "displayName": "RandomPatches 1.16.1-1.22.1.1",
        "fileName": "randompatches-1.16.1-1.22.1.1.jar",
        "fileDate": "2020-07-27T06:05:41.243Z",
        "fileLength": 209583,
        "releaseType": 1,
        "fileStatus": 4,
        "downloadUrl": "https://edge.forgecdn.net/files/3015/905/randompatches-1.16.1-1.22.1.1.jar",
        "isAlternate": false,
        "alternateFileId": 0,
        "dependencies": [],
        "isAvailable": true,
        "modules": [
          {
            "foldername": "META-INF",
            "fingerprint": 3810850622,
            "type": 0
          },
          {
            "foldername": "assets",
            "fingerprint": 1794777586,
            "type": 0
          },
          {
            "foldername": "com",
            "fingerprint": 351565507,
            "type": 0
          },
          {
            "foldername": "logo.png",
            "fingerprint": 449600121,
            "type": 0
          },
          {
            "foldername": "pack.mcmeta",
            "fingerprint": 493624583,
            "type": 0
          },
          {
            "foldername": "patches",
            "fingerprint": 2601980818,
            "type": 0
          }
        ],
        "packageFingerprint": 23542542,
        "gameVersion": [
          "1.16.1",
          "Forge"
        ],
        "hasInstallScript": false,
        "isCompatibleWithClient": false,
        "categorySectionPackageType": 0,
        "restrictProjectFileAccess": 0,
        "projectStatus": 0,
        "projectId": 0,
        "gameVersionDateReleased": "2008-03-01T06:00:00Z",
        "gameId": 0,
        "isServerPack": false,
        "FileNameOnDisk": "randompatches-1.16.1-1.22.1.1.jar"
      },
      "dateInstalled": "2020-08-13T17:55:15.9714802Z",
      "dateUpdated": "2020-08-13T17:55:15.97648Z",
      "dateLastUpdateAttempted": "2020-08-13T17:55:15.97648Z",
      "status": 4,
      "preferenceAutoInstallUpdates": false,
      "preferenceAlternateFile": false,
      "preferenceIsIgnored": false,
      "isModified": false,
      "isWorkingCopy": false,
      "isFuzzyMatch": false,
      "preferenceReleaseType": null,
      "manifestName": null,
      "installedTargets": []
    },
    {
      "addonID": 392748,
      "gameInstanceID": "0d3eb418-ac2d-4048-9e8b-f76d2ae0e5e5",
      "installedFile": {
        "id": 3023444,
        "displayName": "JEIEnchantmentInfo-1.16.1-1.2.0.jar",
        "fileName": "JEIEnchantmentInfo-1.16.1-1.2.0.jar",
        "fileDate": "2020-08-04T17:46:45.58Z",
        "fileLength": 31219,
        "releaseType": 1,
        "fileStatus": 4,
        "downloadUrl": "https://edge.forgecdn.net/files/3023/444/JEIEnchantmentInfo-1.16.1-1.2.0.jar",
        "isAlternate": false,
        "alternateFileId": 0,
        "dependencies": [
          {
            "id": 0,
            "addonId": 238222,
            "type": 3,
            "fileId": 0
          }
        ],
        "isAvailable": true,
        "modules": [
          {
            "foldername": "META-INF",
            "fingerprint": 2228909421,
            "type": 0
          },
          {
            "foldername": "com",
            "fingerprint": 1171219765,
            "type": 0
          },
          {
            "foldername": "assets",
            "fingerprint": 2579977185,
            "type": 0
          },
          {
            "foldername": "logo.png",
            "fingerprint": 1602135946,
            "type": 0
          },
          {
            "foldername": "pack.mcmeta",
            "fingerprint": 4253613512,
            "type": 0
          }
        ],
        "packageFingerprint": 2900049535,
        "gameVersion": [
          "1.16.1",
          "Forge",
          "1.15.2"
        ],
        "hasInstallScript": false,
        "isCompatibleWithClient": false,
        "categorySectionPackageType": 0,
        "restrictProjectFileAccess": 0,
        "projectStatus": 0,
        "projectId": 0,
        "gameVersionDateReleased": "2008-03-01T06:00:00Z",
        "gameId": 0,
        "isServerPack": false,
        "FileNameOnDisk": "JEIEnchantmentInfo-1.16.1-1.2.0.jar"
      },
      "dateInstalled": "2020-08-13T17:52:42.2876334Z",
      "dateUpdated": "2020-08-13T17:52:42.2906293Z",
      "dateLastUpdateAttempted": "2020-08-13T17:52:42.2906293Z",
      "status": 4,
      "preferenceAutoInstallUpdates": false,
      "preferenceAlternateFile": false,
      "preferenceIsIgnored": false,
      "isModified": false,
      "isWorkingCopy": false,
      "isFuzzyMatch": false,
      "preferenceReleaseType": null,
      "manifestName": null,
      "installedTargets": []
    },
    {
      "addonID": 372196,
      "gameInstanceID": "0d3eb418-ac2d-4048-9e8b-f76d2ae0e5e5",
      "installedFile": {
        "id": 3027003,
        "displayName": "OptiForge-MC1.16.1-0.1.9",
        "fileName": "OptiForge-MC1.16.1-0.1.9.jar",
        "fileDate": "2020-08-08T16:00:06.4Z",
        "fileLength": 193160,
        "releaseType": 2,
        "fileStatus": 4,
        "downloadUrl": "https://edge.forgecdn.net/files/3027/3/OptiForge-MC1.16.1-0.1.9.jar",
        "isAlternate": false,
        "alternateFileId": 3027004,
        "dependencies": [
          {
            "id": 0,
            "addonId": 332975,
            "type": 2,
            "fileId": 0
          }
        ],
        "isAvailable": true,
        "modules": [
          {
            "foldername": "META-INF",
            "fingerprint": 375795461,
            "type": 0
          },
          {
            "foldername": "io",
            "fingerprint": 1458431196,
            "type": 0
          },
          {
            "foldername": "pack.mcmeta",
            "fingerprint": 641502313,
            "type": 0
          },
          {
            "foldername": "requiredmods.properties",
            "fingerprint": 2966802830,
            "type": 0
          },
          {
            "foldername": "optiforge.png",
            "fingerprint": 2255592829,
            "type": 0
          },
          {
            "foldername": "mixins.optiforge.json",
            "fingerprint": 2086019557,
            "type": 0
          },
          {
            "foldername": "mixins.optiforge.refmap.json",
            "fingerprint": 114195978,
            "type": 0
          }
        ],
        "packageFingerprint": 973974135,
        "gameVersion": [
          "1.16.1",
          "Forge"
        ],
        "hasInstallScript": false,
        "isCompatibleWithClient": false,
        "categorySectionPackageType": 0,
        "restrictProjectFileAccess": 0,
        "projectStatus": 0,
        "projectId": 0,
        "gameVersionDateReleased": "2008-03-01T06:00:00Z",
        "gameId": 0,
        "isServerPack": false,
        "FileNameOnDisk": "OptiForge-MC1.16.1-0.1.9.jar"
      },
      "dateInstalled": "2020-08-13T17:53:58.36914Z",
      "dateUpdated": "2020-08-13T17:53:58.3741383Z",
      "dateLastUpdateAttempted": "2020-08-13T17:53:58.3741383Z",
      "status": 4,
      "preferenceAutoInstallUpdates": false,
      "preferenceAlternateFile": false,
      "preferenceIsIgnored": false,
      "isModified": false,
      "isWorkingCopy": false,
      "isFuzzyMatch": false,
      "preferenceReleaseType": null,
      "manifestName": null,
      "installedTargets": []
    },
    {
      "addonID": 292899,
      "gameInstanceID": "0d3eb418-ac2d-4048-9e8b-f76d2ae0e5e5",
      "installedFile": {
        "id": 2995145,
        "displayName": "ShulkerTooltip-1.9.3.jar",
        "fileName": "ShulkerTooltip-1.9.3.jar",
        "fileDate": "2020-07-02T23:30:13.623Z",
        "fileLength": 11286,
        "releaseType": 2,
        "fileStatus": 4,
        "downloadUrl": "https://edge.forgecdn.net/files/2995/145/ShulkerTooltip-1.9.3.jar",
        "isAlternate": false,
        "alternateFileId": 0,
        "dependencies": [],
        "isAvailable": true,
        "modules": [
          {
            "foldername": "META-INF",
            "fingerprint": 2240893440,
            "type": 0
          },
          {
            "foldername": "com",
            "fingerprint": 4290488095,
            "type": 0
          },
          {
            "foldername": "assets",
            "fingerprint": 26360733,
            "type": 0
          },
          {
            "foldername": "pack.mcmeta",
            "fingerprint": 3380797652,
            "type": 0
          }
        ],
        "packageFingerprint": 2785056791,
        "gameVersion": [
          "1.16.1"
        ],
        "hasInstallScript": false,
        "isCompatibleWithClient": false,
        "categorySectionPackageType": 0,
        "restrictProjectFileAccess": 0,
        "projectStatus": 0,
        "projectId": 0,
        "gameVersionDateReleased": "2020-06-24T12:41:11.823Z",
        "gameId": 0,
        "isServerPack": false,
        "FileNameOnDisk": "ShulkerTooltip-1.9.3.jar"
      },
      "dateInstalled": "2020-08-13T17:55:49.9885398Z",
      "dateUpdated": "2020-08-13T17:55:49.9925403Z",
      "dateLastUpdateAttempted": "2020-08-13T17:55:49.9925403Z",
      "status": 4,
      "preferenceAutoInstallUpdates": false,
      "preferenceAlternateFile": false,
      "preferenceIsIgnored": false,
      "isModified": false,
      "isWorkingCopy": false,
      "isFuzzyMatch": false,
      "preferenceReleaseType": null,
      "manifestName": null,
      "installedTargets": []
    },
    {
      "addonID": 233071,
      "gameInstanceID": "0d3eb418-ac2d-4048-9e8b-f76d2ae0e5e5",
      "installedFile": {
        "id": 3005313,
        "displayName": "CraftingTweaks_1.16.1-12.0.4.jar",
        "fileName": "CraftingTweaks_1.16.1-12.0.4.jar",
        "fileDate": "2020-07-15T05:06:34.377Z",
        "fileLength": 110353,
        "releaseType": 2,
        "fileStatus": 4,
        "downloadUrl": "https://edge.forgecdn.net/files/3005/313/CraftingTweaks_1.16.1-12.0.4.jar",
        "isAlternate": false,
        "alternateFileId": 0,
        "dependencies": [],
        "isAvailable": true,
        "modules": [
          {
            "foldername": "META-INF",
            "fingerprint": 2206350324,
            "type": 0
          },
          {
            "foldername": "net",
            "fingerprint": 1256278737,
            "type": 0
          },
          {
            "foldername": "assets",
            "fingerprint": 2295690175,
            "type": 0
          },
          {
            "foldername": "pack.mcmeta",
            "fingerprint": 3365466299,
            "type": 0
          }
        ],
        "packageFingerprint": 3870184037,
        "gameVersion": [
          "1.16.1"
        ],
        "hasInstallScript": false,
        "isCompatibleWithClient": false,
        "categorySectionPackageType": 0,
        "restrictProjectFileAccess": 0,
        "projectStatus": 0,
        "projectId": 0,
        "gameVersionDateReleased": "2020-06-24T12:41:11.823Z",
        "gameId": 0,
        "isServerPack": false,
        "FileNameOnDisk": "CraftingTweaks_1.16.1-12.0.4.jar"
      },
      "dateInstalled": "2020-08-13T17:51:55.1504672Z",
      "dateUpdated": "2020-08-13T17:51:55.154465Z",
      "dateLastUpdateAttempted": "2020-08-13T17:51:55.154465Z",
      "status": 4,
      "preferenceAutoInstallUpdates": false,
      "preferenceAlternateFile": false,
      "preferenceIsIgnored": false,
      "isModified": false,
      "isWorkingCopy": false,
      "isFuzzyMatch": false,
      "preferenceReleaseType": null,
      "manifestName": null,
      "installedTargets": []
    },
    {
      "addonID": 231275,
      "gameInstanceID": "0d3eb418-ac2d-4048-9e8b-f76d2ae0e5e5",
      "installedFile": {
        "id": 2991973,
        "displayName": "Ding-1.16.1-1.1.0.jar",
        "fileName": "Ding-1.16.1-1.1.0.jar",
        "fileDate": "2020-06-29T12:41:15.767Z",
        "fileLength": 8493,
        "releaseType": 1,
        "fileStatus": 4,
        "downloadUrl": "https://edge.forgecdn.net/files/2991/973/Ding-1.16.1-1.1.0.jar",
        "isAlternate": false,
        "alternateFileId": 0,
        "dependencies": [],
        "isAvailable": true,
        "modules": [
          {
            "foldername": "META-INF",
            "fingerprint": 3789654278,
            "type": 0
          },
          {
            "foldername": "me",
            "fingerprint": 2833984016,
            "type": 0
          },
          {
            "foldername": "assets",
            "fingerprint": 2771153707,
            "type": 0
          },
          {
            "foldername": "pack.mcmeta",
            "fingerprint": 15270453,
            "type": 0
          }
        ],
        "packageFingerprint": 1904544989,
        "gameVersion": [
          "1.16.1",
          "Forge"
        ],
        "hasInstallScript": false,
        "isCompatibleWithClient": false,
        "categorySectionPackageType": 0,
        "restrictProjectFileAccess": 0,
        "projectStatus": 0,
        "projectId": 0,
        "gameVersionDateReleased": "2008-03-01T06:00:00Z",
        "gameId": 0,
        "isServerPack": false,
        "FileNameOnDisk": "Ding-1.16.1-1.1.0.jar"
      },
      "dateInstalled": "2020-08-13T17:52:04.3045072Z",
      "dateUpdated": "2020-08-13T17:52:04.3075055Z",
      "dateLastUpdateAttempted": "2020-08-13T17:52:04.3075055Z",
      "status": 4,
      "preferenceAutoInstallUpdates": false,
      "preferenceAlternateFile": false,
      "preferenceIsIgnored": false,
      "isModified": false,
      "isWorkingCopy": false,
      "isFuzzyMatch": false,
      "preferenceReleaseType": null,
      "manifestName": null,
      "installedTargets": []
    },
    {
      "addonID": 384852,
      "gameInstanceID": "0d3eb418-ac2d-4048-9e8b-f76d2ae0e5e5",
      "installedFile": {
        "id": 2996101,
        "displayName": "maptooltip-1.16.1-1.1.jar",
        "fileName": "maptooltip-1.16.1-1.1.jar",
        "fileDate": "2020-07-04T05:12:44.177Z",
        "fileLength": 9741,
        "releaseType": 1,
        "fileStatus": 4,
        "downloadUrl": "https://edge.forgecdn.net/files/2996/101/maptooltip-1.16.1-1.1.jar",
        "isAlternate": false,
        "alternateFileId": 0,
        "dependencies": [],
        "isAvailable": true,
        "modules": [
          {
            "foldername": "META-INF",
            "fingerprint": 4121661762,
            "type": 0
          },
          {
            "foldername": "me",
            "fingerprint": 105753561,
            "type": 0
          },
          {
            "foldername": "maptooltip.png",
            "fingerprint": 2040036864,
            "type": 0
          },
          {
            "foldername": "pack.mcmeta",
            "fingerprint": 1626266390,
            "type": 0
          }
        ],
        "packageFingerprint": 2889584986,
        "gameVersion": [
          "1.16.1",
          "Forge"
        ],
        "hasInstallScript": false,
        "isCompatibleWithClient": false,
        "categorySectionPackageType": 0,
        "restrictProjectFileAccess": 0,
        "projectStatus": 0,
        "projectId": 0,
        "gameVersionDateReleased": "2008-03-01T06:00:00Z",
        "gameId": 0,
        "isServerPack": false,
        "FileNameOnDisk": "maptooltip-1.16.1-1.1.jar"
      },
      "dateInstalled": "2020-08-13T17:53:16.6285562Z",
      "dateUpdated": "2020-08-13T17:53:16.632547Z",
      "dateLastUpdateAttempted": "2020-08-13T17:53:16.632547Z",
      "status": 4,
      "preferenceAutoInstallUpdates": false,
      "preferenceAlternateFile": false,
      "preferenceIsIgnored": false,
      "isModified": false,
      "isWorkingCopy": false,
      "isFuzzyMatch": false,
      "preferenceReleaseType": null,
      "manifestName": null,
      "installedTargets": []
    },
    {
      "addonID": 238222,
      "gameInstanceID": "0d3eb418-ac2d-4048-9e8b-f76d2ae0e5e5",
      "installedFile": {
        "id": 3028697,
        "displayName": "jei-1.16.1-7.0.1.10.jar",
        "fileName": "jei-1.16.1-7.0.1.10.jar",
        "fileDate": "2020-08-10T18:38:29.933Z",
        "fileLength": 718808,
        "releaseType": 3,
        "fileStatus": 4,
        "downloadUrl": "https://edge.forgecdn.net/files/3028/697/jei-1.16.1-7.0.1.10.jar",
        "isAlternate": false,
        "alternateFileId": 0,
        "dependencies": [],
        "isAvailable": true,
        "modules": [
          {
            "foldername": "META-INF",
            "fingerprint": 2017009106,
            "type": 0
          },
          {
            "foldername": "mezz",
            "fingerprint": 3720122473,
            "type": 0
          },
          {
            "foldername": "pack.mcmeta",
            "fingerprint": 3652707984,
            "type": 0
          },
          {
            "foldername": "assets",
            "fingerprint": 2916810694,
            "type": 0
          }
        ],
        "packageFingerprint": 2321574851,
        "gameVersion": [
          "1.16.1",
          "Forge"
        ],
        "hasInstallScript": false,
        "isCompatibleWithClient": false,
        "categorySectionPackageType": 0,
        "restrictProjectFileAccess": 0,
        "projectStatus": 0,
        "projectId": 0,
        "gameVersionDateReleased": "2008-03-01T06:00:00Z",
        "gameId": 0,
        "isServerPack": false,
        "FileNameOnDisk": "jei-1.16.1-7.0.1.10.jar"
      },
      "dateInstalled": "2020-08-13T17:52:22.713499Z",
      "dateUpdated": "2020-08-13T17:52:22.7174983Z",
      "dateLastUpdateAttempted": "2020-08-13T17:52:22.7174983Z",
      "status": 4,
      "preferenceAutoInstallUpdates": false,
      "preferenceAlternateFile": false,
      "preferenceIsIgnored": false,
      "isModified": false,
      "isWorkingCopy": false,
      "isFuzzyMatch": false,
      "preferenceReleaseType": null,
      "manifestName": null,
      "installedTargets": []
    },
    {
      "addonID": 62514,
      "gameInstanceID": "0d3eb418-ac2d-4048-9e8b-f76d2ae0e5e5",
      "installedFile": {
        "id": 3026993,
        "displayName": "Batty's Coordinates PLUS Mod for Forge (1.16.1-0.3.0)",
        "fileName": "Batty's Coordinates PLUS Mod for Forge-1.16.1-0.3.0.jar",
        "fileDate": "2020-08-08T15:49:45.063Z",
        "fileLength": 60355,
        "releaseType": 2,
        "fileStatus": 4,
        "downloadUrl": "https://edge.forgecdn.net/files/3026/993/Batty's Coordinates PLUS Mod for Forge-1.16.1-0.3.0.jar",
        "isAlternate": false,
        "alternateFileId": 0,
        "dependencies": [],
        "isAvailable": true,
        "modules": [
          {
            "foldername": "META-INF",
            "fingerprint": 2663496858,
            "type": 0
          },
          {
            "foldername": "battys",
            "fingerprint": 3294031500,
            "type": 0
          },
          {
            "foldername": "assets",
            "fingerprint": 2830081167,
            "type": 0
          },
          {
            "foldername": "batheart_icon.png",
            "fingerprint": 388234594,
            "type": 0
          },
          {
            "foldername": "pack.mcmeta",
            "fingerprint": 94302032,
            "type": 0
          }
        ],
        "packageFingerprint": 919286440,
        "gameVersion": [
          "1.16.1"
        ],
        "hasInstallScript": false,
        "isCompatibleWithClient": false,
        "categorySectionPackageType": 0,
        "restrictProjectFileAccess": 0,
        "projectStatus": 0,
        "projectId": 0,
        "gameVersionDateReleased": "2008-03-01T06:00:00Z",
        "gameId": 0,
        "isServerPack": false,
        "FileNameOnDisk": "Batty's Coordinates PLUS Mod for Forge-1.16.1-0.3.0.jar"
      },
      "dateInstalled": "2020-08-13T17:49:38.8744019Z",
      "dateUpdated": "2020-08-13T17:49:38.8933906Z",
      "dateLastUpdateAttempted": "2020-08-13T17:49:38.8933906Z",
      "status": 4,
      "preferenceAutoInstallUpdates": false,
      "preferenceAlternateFile": false,
      "preferenceIsIgnored": false,
      "isModified": false,
      "isWorkingCopy": false,
      "isFuzzyMatch": false,
      "preferenceReleaseType": null,
      "manifestName": null,
      "installedTargets": []
    },
    {
      "addonID": 348521,
      "gameInstanceID": "0d3eb418-ac2d-4048-9e8b-f76d2ae0e5e5",
      "installedFile": {
        "id": 2990967,
        "displayName": "[Forge 1.16.x] v4.0.1",
        "fileName": "cloth-config-forge-4.0.1.jar",
        "fileDate": "2020-06-28T08:03:36.61Z",
        "fileLength": 399258,
        "releaseType": 1,
        "fileStatus": 4,
        "downloadUrl": "https://edge.forgecdn.net/files/2990/967/cloth-config-forge-4.0.1.jar",
        "isAlternate": false,
        "alternateFileId": 2990968,
        "dependencies": [],
        "isAvailable": true,
        "modules": [
          {
            "foldername": "META-INF",
            "fingerprint": 3586993960,
            "type": 0
          },
          {
            "foldername": "me",
            "fingerprint": 870747517,
            "type": 0
          },
          {
            "foldername": "pack.mcmeta",
            "fingerprint": 2256045119,
            "type": 0
          },
          {
            "foldername": "icon.png",
            "fingerprint": 1998369504,
            "type": 0
          },
          {
            "foldername": "assets",
            "fingerprint": 3652232813,
            "type": 0
          },
          {
            "foldername": "fabric.mod.json",
            "fingerprint": 3759757251,
            "type": 0
          },
          {
            "foldername": "LICENSE.md",
            "fingerprint": 589621802,
            "type": 0
          }
        ],
        "packageFingerprint": 1062947682,
        "gameVersion": [
          "1.16.1",
          "Forge"
        ],
        "hasInstallScript": false,
        "isCompatibleWithClient": false,
        "categorySectionPackageType": 0,
        "restrictProjectFileAccess": 0,
        "projectStatus": 0,
        "projectId": 0,
        "gameVersionDateReleased": "2008-03-01T06:00:00Z",
        "gameId": 0,
        "isServerPack": false,
        "FileNameOnDisk": "cloth-config-forge-4.0.1.jar"
      },
      "dateInstalled": "2020-08-13T17:51:43.8833592Z",
      "dateUpdated": "2020-08-13T17:51:43.8883575Z",
      "dateLastUpdateAttempted": "2020-08-13T17:51:43.8883575Z",
      "status": 4,
      "preferenceAutoInstallUpdates": false,
      "preferenceAlternateFile": false,
      "preferenceIsIgnored": false,
      "isModified": false,
      "isWorkingCopy": false,
      "isFuzzyMatch": false,
      "preferenceReleaseType": null,
      "manifestName": null,
      "installedTargets": []
    },
    {
      "addonID": 225608,
      "gameInstanceID": "0d3eb418-ac2d-4048-9e8b-f76d2ae0e5e5",
      "installedFile": {
        "id": 3028438,
        "displayName": "WorldEdit 7.2.0 Beta 3 (Forge for MC 1.16.1)",
        "fileName": "worldedit-forge-mc1.16.1-7.2.0-beta-03.jar",
        "fileDate": "2020-08-10T10:26:42.853Z",
        "fileLength": 4504825,
        "releaseType": 2,
        "fileStatus": 4,
        "downloadUrl": "https://edge.forgecdn.net/files/3028/438/worldedit-forge-mc1.16.1-7.2.0-beta-03.jar",
        "isAlternate": false,
        "alternateFileId": 0,
        "dependencies": [],
        "isAvailable": true,
        "modules": [
          {
            "foldername": "META-INF",
            "fingerprint": 3751750223,
            "type": 0
          },
          {
            "foldername": "com",
            "fingerprint": 1375883883,
            "type": 0
          },
          {
            "foldername": "defaults",
            "fingerprint": 585629097,
            "type": 0
          },
          {
            "foldername": "lang",
            "fingerprint": 1369705818,
            "type": 0
          },
          {
            "foldername": "pack.mcmeta",
            "fingerprint": 3152314042,
            "type": 0
          },
          {
            "foldername": "worldedit-icon.png",
            "fingerprint": 2897070019,
            "type": 0
          },
          {
            "foldername": "org",
            "fingerprint": 1843245874,
            "type": 0
          },
          {
            "foldername": "net",
            "fingerprint": 222113203,
            "type": 0
          },
          {
            "foldername": "javax",
            "fingerprint": 702773286,
            "type": 0
          },
          {
            "foldername": "de",
            "fingerprint": 398354527,
            "type": 0
          }
        ],
        "packageFingerprint": 3455349537,
        "gameVersion": [
          "1.16.1",
          "Forge"
        ],
        "hasInstallScript": false,
        "isCompatibleWithClient": false,
        "categorySectionPackageType": 0,
        "restrictProjectFileAccess": 0,
        "projectStatus": 0,
        "projectId": 0,
        "gameVersionDateReleased": "2008-03-01T06:00:00Z",
        "gameId": 0,
        "isServerPack": false,
        "FileNameOnDisk": "worldedit-forge-mc1.16.1-7.2.0-beta-03.jar"
      },
      "dateInstalled": "2020-08-13T17:56:33.57727Z",
      "dateUpdated": "2020-08-13T17:56:33.5862261Z",
      "dateLastUpdateAttempted": "2020-08-13T17:56:33.5862261Z",
      "status": 4,
      "preferenceAutoInstallUpdates": false,
      "preferenceAlternateFile": false,
      "preferenceIsIgnored": false,
      "isModified": false,
      "isWorkingCopy": false,
      "isFuzzyMatch": false,
      "preferenceReleaseType": null,
      "manifestName": null,
      "installedTargets": []
    },
    {
      "addonID": 306612,
      "gameInstanceID": "0d3eb418-ac2d-4048-9e8b-f76d2ae0e5e5",
      "installedFile": {
        "id": 3026258,
        "displayName": "[1.16.1] Fabric API 0.17.0 build 386",
        "fileName": "fabric-api-0.17.0+build.386-1.16.1.jar",
        "fileDate": "2020-08-07T19:21:42.74Z",
        "fileLength": 652958,
        "releaseType": 1,
        "fileStatus": 4,
        "downloadUrl": "https://edge.forgecdn.net/files/3026/258/fabric-api-0.17.0+build.386-1.16.1.jar",
        "isAlternate": false,
        "alternateFileId": 0,
        "dependencies": [],
        "isAvailable": true,
        "modules": [
          {
            "foldername": "assets",
            "fingerprint": 860504683,
            "type": 0
          },
          {
            "foldername": "fabric.mod.json",
            "fingerprint": 1209742935,
            "type": 0
          },
          {
            "foldername": "META-INF",
            "fingerprint": 407458638,
            "type": 0
          }
        ],
        "packageFingerprint": 3170092429,
        "gameVersion": [
          "1.16.1",
          "Fabric"
        ],
        "hasInstallScript": false,
        "isCompatibleWithClient": false,
        "categorySectionPackageType": 0,
        "restrictProjectFileAccess": 0,
        "projectStatus": 0,
        "projectId": 0,
        "gameVersionDateReleased": "2008-03-01T06:00:00Z",
        "gameId": 0,
        "isServerPack": false,
        "FileNameOnDisk": "fabric-api-0.17.0+build.386-1.16.1.jar"
      },
      "dateInstalled": "2020-08-13T17:52:13.0094056Z",
      "dateUpdated": "2020-08-13T17:52:13.012404Z",
      "dateLastUpdateAttempted": "2020-08-13T17:52:13.012404Z",
      "status": 4,
      "preferenceAutoInstallUpdates": false,
      "preferenceAlternateFile": false,
      "preferenceIsIgnored": false,
      "isModified": false,
      "isWorkingCopy": false,
      "isFuzzyMatch": false,
      "preferenceReleaseType": null,
      "manifestName": null,
      "installedTargets": []
    },
    {
      "addonID": 325492,
      "gameInstanceID": "0d3eb418-ac2d-4048-9e8b-f76d2ae0e5e5",
      "installedFile": {
        "id": 3029677,
        "displayName": "[Forge / Fabric 1.16.1] v5.4.2",
        "fileName": "light-overlay-5.4.2.jar",
        "fileDate": "2020-08-11T19:40:49.87Z",
        "fileLength": 467423,
        "releaseType": 1,
        "fileStatus": 4,
        "downloadUrl": "https://edge.forgecdn.net/files/3029/677/light-overlay-5.4.2.jar",
        "isAlternate": false,
        "alternateFileId": 0,
        "dependencies": [
          {
            "id": 0,
            "addonId": 319057,
            "type": 1,
            "fileId": 0
          },
          {
            "id": 0,
            "addonId": 348521,
            "type": 3,
            "fileId": 0
          },
          {
            "id": 0,
            "addonId": 317121,
            "type": 1,
            "fileId": 0
          }
        ],
        "isAvailable": true,
        "modules": [
          {
            "foldername": "pack.mcmeta",
            "fingerprint": 1728173885,
            "type": 0
          },
          {
            "foldername": "me",
            "fingerprint": 4256334097,
            "type": 0
          },
          {
            "foldername": "light-overlay-refmap.json",
            "fingerprint": 501699212,
            "type": 0
          },
          {
            "foldername": "assets",
            "fingerprint": 1631138459,
            "type": 0
          },
          {
            "foldername": "icon.png",
            "fingerprint": 1881518080,
            "type": 0
          },
          {
            "foldername": "lightoverlay.mixins.json",
            "fingerprint": 159234178,
            "type": 0
          },
          {
            "foldername": "fabric.mod.json",
            "fingerprint": 2530848821,
            "type": 0
          },
          {
            "foldername": "META-INF",
            "fingerprint": 4248165500,
            "type": 0
          },
          {
            "foldername": "lightoverlay.accesswidener",
            "fingerprint": 759458513,
            "type": 0
          }
        ],
        "packageFingerprint": 4293282468,
        "gameVersion": [
          "1.16-Snapshot",
          "1.16.1",
          "1.16"
        ],
        "hasInstallScript": false,
        "isCompatibleWithClient": false,
        "categorySectionPackageType": 0,
        "restrictProjectFileAccess": 0,
        "projectStatus": 0,
        "projectId": 0,
        "gameVersionDateReleased": "2008-03-01T06:00:00Z",
        "gameId": 0,
        "isServerPack": false,
        "FileNameOnDisk": "light-overlay-5.4.2.jar"
      },
      "dateInstalled": "2020-08-13T17:52:54.3457692Z",
      "dateUpdated": "2020-08-13T17:52:54.3507663Z",
      "dateLastUpdateAttempted": "2020-08-13T17:52:54.3507663Z",
      "status": 4,
      "preferenceAutoInstallUpdates": false,
      "preferenceAlternateFile": false,
      "preferenceIsIgnored": false,
      "isModified": false,
      "isWorkingCopy": false,
      "isFuzzyMatch": false,
      "preferenceReleaseType": null,
      "manifestName": null,
      "installedTargets": []
    },
    {
      "addonID": 283644,
      "gameInstanceID": "0d3eb418-ac2d-4048-9e8b-f76d2ae0e5e5",
      "installedFile": {
        "id": 3028225,
        "displayName": "Placebo-1.16.1-4.1.3.jar",
        "fileName": "Placebo-1.16.1-4.1.3.jar",
        "fileDate": "2020-08-10T00:53:35.43Z",
        "fileLength": 94242,
        "releaseType": 1,
        "fileStatus": 4,
        "downloadUrl": "https://edge.forgecdn.net/files/3028/225/Placebo-1.16.1-4.1.3.jar",
        "isAlternate": false,
        "alternateFileId": 0,
        "dependencies": [],
        "isAvailable": true,
        "modules": [
          {
            "foldername": "META-INF",
            "fingerprint": 1420144069,
            "type": 0
          },
          {
            "foldername": "shadows",
            "fingerprint": 1400892405,
            "type": 0
          },
          {
            "foldername": "javascript",
            "fingerprint": 3337528070,
            "type": 0
          },
          {
            "foldername": "pack.mcmeta",
            "fingerprint": 3099375411,
            "type": 0
          }
        ],
        "packageFingerprint": 1601875534,
        "gameVersion": [
          "1.16.1"
        ],
        "hasInstallScript": false,
        "isCompatibleWithClient": false,
        "categorySectionPackageType": 0,
        "restrictProjectFileAccess": 0,
        "projectStatus": 0,
        "projectId": 0,
        "gameVersionDateReleased": "2020-06-24T12:41:11.823Z",
        "gameId": 0,
        "isServerPack": false,
        "FileNameOnDisk": "Placebo-1.16.1-4.1.3.jar"
      },
      "dateInstalled": "2020-08-13T17:54:07.0902888Z",
      "dateUpdated": "2020-08-13T17:54:07.0942898Z",
      "dateLastUpdateAttempted": "2020-08-13T17:54:07.0942898Z",
      "status": 4,
      "preferenceAutoInstallUpdates": false,
      "preferenceAlternateFile": false,
      "preferenceIsIgnored": false,
      "isModified": false,
      "isWorkingCopy": false,
      "isFuzzyMatch": false,
      "preferenceReleaseType": null,
      "manifestName": null,
      "installedTargets": []
    },
    {
      "addonID": 357178,
      "gameInstanceID": "0d3eb418-ac2d-4048-9e8b-f76d2ae0e5e5",
      "installedFile": {
        "id": 2939224,
        "displayName": "MixinBootstrap-1.0.3.jar",
        "fileName": "MixinBootstrap-1.0.3.jar",
        "fileDate": "2020-04-24T11:46:26.267Z",
        "fileLength": 1061758,
        "releaseType": 1,
        "fileStatus": 4,
        "downloadUrl": "https://edge.forgecdn.net/files/2939/224/MixinBootstrap-1.0.3.jar",
        "isAlternate": false,
        "alternateFileId": 0,
        "dependencies": [],
        "isAvailable": true,
        "modules": [
          {
            "foldername": "META-INF",
            "fingerprint": 3224103252,
            "type": 0
          },
          {
            "foldername": "io",
            "fingerprint": 2866411657,
            "type": 0
          },
          {
            "foldername": "LICENSE-MixinBootstrap",
            "fingerprint": 3584814497,
            "type": 0
          },
          {
            "foldername": "LICENSE-classloaderutils",
            "fingerprint": 1065284868,
            "type": 0
          },
          {
            "foldername": "org",
            "fingerprint": 1667467214,
            "type": 0
          },
          {
            "foldername": "LICENSE.txt",
            "fingerprint": 3933732671,
            "type": 0
          }
        ],
        "packageFingerprint": 1852187718,
        "gameVersion": [
          "1.16.1",
          "1.14.4",
          "Forge",
          "1.15.2",
          "1.12.2"
        ],
        "hasInstallScript": false,
        "isCompatibleWithClient": false,
        "categorySectionPackageType": 0,
        "restrictProjectFileAccess": 0,
        "projectStatus": 0,
        "projectId": 0,
        "gameVersionDateReleased": "2008-03-01T06:00:00Z",
        "gameId": 0,
        "isServerPack": false,
        "FileNameOnDisk": "MixinBootstrap-1.0.3.jar"
      },
      "dateInstalled": "2020-08-13T17:53:49.5812072Z",
      "dateUpdated": "2020-08-13T17:53:49.5872036Z",
      "dateLastUpdateAttempted": "2020-08-13T17:53:49.5872036Z",
      "status": 4,
      "preferenceAutoInstallUpdates": false,
      "preferenceAlternateFile": false,
      "preferenceIsIgnored": false,
      "isModified": false,
      "isWorkingCopy": false,
      "isFuzzyMatch": false,
      "preferenceReleaseType": null,
      "manifestName": null,
      "installedTargets": []
    }
  ],
  "isMigrated": false,
  "preferenceUploadProfile": false
}