{
  "baseModLoader": {
    "id": 4665,
    "gameVersionId": 8042,
    "minecraftGameVersionId": 67,
    "forgeVersion": "33.0.42",
    "name": "forge-33.0.42",
    "type": 1,
    "downloadUrl": "https://modloaders.forgecdn.net/647622546/maven/net/minecraftforge/forge/1.16.2-33.0.42/forge-1.16.2-33.0.42.jar",
    "filename": "forge-1.16.2-33.0.42.jar",
    "installMethod": 3,
    "latest": true,
    "recommended": true,
    "approved": false,
    "dateModified": "2020-09-07T01:31:51Z",
    "mavenVersionString": "net.minecraftforge:forge:1.16.2-33.0.42",
    "versionJson": "{\r\n  \"id\": \"forge-33.0.42\",\r\n  \"time\": \"2020-09-07T01:31:51Z\",\r\n  \"releaseTime\": \"2020-09-07T01:31:51Z\",\r\n  \"type\": \"release\",\r\n  \"minimumLauncherVersion\": 0,\r\n  \"inheritsFrom\": \"1.16.2\",\r\n  \"jar\": \"forge-33.0.42\",\r\n  \"libraries\": [\r\n    {\r\n      \"name\": \"net.minecraftforge:forge:1.16.2-33.0.42\",\r\n      \"downloads\": {\r\n        \"artifact\": {\r\n          \"path\": \"net/minecraftforge/forge/1.16.2-33.0.42/forge-1.16.2-33.0.42.jar\",\r\n          \"url\": \"https://modloaders.forgecdn.net/647622546/maven/net/minecraftforge/forge/1.16.2-33.0.42/forge-1.16.2-33.0.42.jar\",\r\n          \"sha1\": \"d38a344004ceb938742e8e588f78a5c14f11e163\",\r\n          \"size\": 197263\r\n        }\r\n      }\r\n    },\r\n    {\r\n      \"name\": \"org.ow2.asm:asm:7.2\",\r\n      \"downloads\": {\r\n        \"artifact\": {\r\n          \"path\": \"org/ow2/asm/asm/7.2/asm-7.2.jar\",\r\n          \"url\": \"https://modloaders.forgecdn.net/647622546/maven/org/ow2/asm/asm/7.2/asm-7.2.jar\",\r\n          \"sha1\": \"fa637eb67eb7628c915d73762b681ae7ff0b9731\",\r\n          \"size\": 114873\r\n        }\r\n      }\r\n    },\r\n    {\r\n      \"name\": \"org.ow2.asm:asm-commons:7.2\",\r\n      \"downloads\": {\r\n        \"artifact\": {\r\n          \"path\": \"org/ow2/asm/asm-commons/7.2/asm-commons-7.2.jar\",\r\n          \"url\": \"https://modloaders.forgecdn.net/647622546/maven/org/ow2/asm/asm-commons/7.2/asm-commons-7.2.jar\",\r\n          \"sha1\": \"ca2954e8d92a05bacc28ff465b25c70e0f512497\",\r\n          \"size\": 70051\r\n        }\r\n      }\r\n    },\r\n    {\r\n      \"name\": \"org.ow2.asm:asm-tree:7.2\",\r\n      \"downloads\": {\r\n        \"artifact\": {\r\n          \"path\": \"org/ow2/asm/asm-tree/7.2/asm-tree-7.2.jar\",\r\n          \"url\": \"https://modloaders.forgecdn.net/647622546/maven/org/ow2/asm/asm-tree/7.2/asm-tree-7.2.jar\",\r\n          \"sha1\": \"3a23cc36edaf8fc5a89cb100182758ccb5991487\",\r\n          \"size\": 50283\r\n        }\r\n      }\r\n    },\r\n    {\r\n      \"name\": \"org.ow2.asm:asm-util:7.2\",\r\n      \"downloads\": {\r\n        \"artifact\": {\r\n          \"path\": \"org/ow2/asm/asm-util/7.2/asm-util-7.2.jar\",\r\n          \"url\": \"https://modloaders.forgecdn.net/647622546/maven/org/ow2/asm/asm-util/7.2/asm-util-7.2.jar\",\r\n          \"sha1\": \"a3ae34e57fa8a4040e28247291d0cc3d6b8c7bcf\",\r\n          \"size\": 80707\r\n        }\r\n      }\r\n    },\r\n    {\r\n      \"name\": \"org.ow2.asm:asm-analysis:7.2\",\r\n      \"downloads\": {\r\n        \"artifact\": {\r\n          \"path\": \"org/ow2/asm/asm-analysis/7.2/asm-analysis-7.2.jar\",\r\n          \"url\": \"https://modloaders.forgecdn.net/647622546/maven/org/ow2/asm/asm-analysis/7.2/asm-analysis-7.2.jar\",\r\n          \"sha1\": \"b6e6abe057f23630113f4167c34bda7086691258\",\r\n          \"size\": 33444\r\n        }\r\n      }\r\n    },\r\n    {\r\n      \"name\": \"cpw.mods:modlauncher:7.0.1\",\r\n      \"downloads\": {\r\n        \"artifact\": {\r\n          \"path\": \"cpw/mods/modlauncher/7.0.1/modlauncher-7.0.1.jar\",\r\n          \"url\": \"https://modloaders.forgecdn.net/647622546/maven/cpw/mods/modlauncher/7.0.1/modlauncher-7.0.1.jar\",\r\n          \"sha1\": \"e66e347c2a4c61781198f86be5cc43f19c1dfb92\",\r\n          \"size\": 122080\r\n        }\r\n      }\r\n    },\r\n    {\r\n      \"name\": \"cpw.mods:grossjava9hacks:1.3.0\",\r\n      \"downloads\": {\r\n        \"artifact\": {\r\n          \"path\": \"cpw/mods/grossjava9hacks/1.3.0/grossjava9hacks-1.3.0.jar\",\r\n          \"url\": \"https://modloaders.forgecdn.net/647622546/maven/cpw/mods/grossjava9hacks/1.3.0/grossjava9hacks-1.3.0.jar\",\r\n          \"sha1\": \"1a922de964d0c19d864fbcba2678c1a1c4602c35\",\r\n          \"size\": 1921\r\n        }\r\n      }\r\n    },\r\n    {\r\n      \"name\": \"net.minecraftforge:accesstransformers:2.2.0-shadowed\",\r\n      \"downloads\": {\r\n        \"artifact\": {\r\n          \"path\": \"net/minecraftforge/accesstransformers/2.2.0-shadowed/accesstransformers-2.2.0-shadowed.jar\",\r\n          \"url\": \"https://modloaders.forgecdn.net/647622546/maven/net/minecraftforge/accesstransformers/2.2.0-shadowed/accesstransformers-2.2.0-shadowed.jar\",\r\n          \"sha1\": \"043c882f4e7e5648acb14c9de8c2eca5f670d2bd\",\r\n          \"size\": 445030\r\n        }\r\n      }\r\n    },\r\n    {\r\n      \"name\": \"net.minecraftforge:eventbus:3.0.3-service\",\r\n      \"downloads\": {\r\n        \"artifact\": {\r\n          \"path\": \"net/minecraftforge/eventbus/3.0.3-service/eventbus-3.0.3-service.jar\",\r\n          \"url\": \"https://modloaders.forgecdn.net/647622546/maven/net/minecraftforge/eventbus/3.0.3-service/eventbus-3.0.3-service.jar\",\r\n          \"sha1\": \"e5dedecd71479bbb4984485553b6fcf36953ef00\",\r\n          \"size\": 40980\r\n        }\r\n      }\r\n    },\r\n    {\r\n      \"name\": \"net.minecraftforge:forgespi:3.1.1\",\r\n      \"downloads\": {\r\n        \"artifact\": {\r\n          \"path\": \"net/minecraftforge/forgespi/3.1.1/forgespi-3.1.1.jar\",\r\n          \"url\": \"https://modloaders.forgecdn.net/647622546/maven/net/minecraftforge/forgespi/3.1.1/forgespi-3.1.1.jar\",\r\n          \"sha1\": \"f258f875d9252d5ee83d8f0f2d03f71123f37650\",\r\n          \"size\": 19937\r\n        }\r\n      }\r\n    },\r\n    {\r\n      \"name\": \"net.minecraftforge:coremods:3.0.0\",\r\n      \"downloads\": {\r\n        \"artifact\": {\r\n          \"path\": \"net/minecraftforge/coremods/3.0.0/coremods-3.0.0.jar\",\r\n          \"url\": \"https://modloaders.forgecdn.net/647622546/maven/net/minecraftforge/coremods/3.0.0/coremods-3.0.0.jar\",\r\n          \"sha1\": \"fdf3b62a9a1fbd6a0826190d6d9962d9dd4f0340\",\r\n          \"size\": 21803\r\n        }\r\n      }\r\n    },\r\n    {\r\n      \"name\": \"net.minecraftforge:unsafe:0.2.0\",\r\n      \"downloads\": {\r\n        \"artifact\": {\r\n          \"path\": \"net/minecraftforge/unsafe/0.2.0/unsafe-0.2.0.jar\",\r\n          \"url\": \"https://modloaders.forgecdn.net/647622546/maven/net/minecraftforge/unsafe/0.2.0/unsafe-0.2.0.jar\",\r\n          \"sha1\": \"54d7a0a5e8fdb71b973025caa46f341ae5904f39\",\r\n          \"size\": 2834\r\n        }\r\n      }\r\n    },\r\n    {\r\n      \"name\": \"com.electronwill.night-config:core:3.6.2\",\r\n      \"downloads\": {\r\n        \"artifact\": {\r\n          \"path\": \"com/electronwill/night-config/core/3.6.2/core-3.6.2.jar\",\r\n          \"url\": \"https://modloaders.forgecdn.net/647622546/maven/com/electronwill/night-config/core/3.6.2/core-3.6.2.jar\",\r\n          \"sha1\": \"56f6500038861d4a8832072676da7bf7916217d0\",\r\n          \"size\": 199091\r\n        }\r\n      }\r\n    },\r\n    {\r\n      \"name\": \"com.electronwill.night-config:toml:3.6.2\",\r\n      \"downloads\": {\r\n        \"artifact\": {\r\n          \"path\": \"com/electronwill/night-config/toml/3.6.2/toml-3.6.2.jar\",\r\n          \"url\": \"https://modloaders.forgecdn.net/647622546/maven/com/electronwill/night-config/toml/3.6.2/toml-3.6.2.jar\",\r\n          \"sha1\": \"3ac4263d06433da39a5eee95e2679f1642d921f0\",\r\n          \"size\": 31152\r\n        }\r\n      }\r\n    },\r\n    {\r\n      \"name\": \"org.jline:jline:3.12.1\",\r\n      \"downloads\": {\r\n        \"artifact\": {\r\n          \"path\": \"org/jline/jline/3.12.1/jline-3.12.1.jar\",\r\n          \"url\": \"https://modloaders.forgecdn.net/647622546/maven/org/jline/jline/3.12.1/jline-3.12.1.jar\",\r\n          \"sha1\": \"de2bd909cb9f8eaa741bd03df4a1bd3f6eb593c7\",\r\n          \"size\": 732926\r\n        }\r\n      }\r\n    },\r\n    {\r\n      \"name\": \"org.apache.maven:maven-artifact:3.6.0\",\r\n      \"downloads\": {\r\n        \"artifact\": {\r\n          \"path\": \"org/apache/maven/maven-artifact/3.6.0/maven-artifact-3.6.0.jar\",\r\n          \"url\": \"https://modloaders.forgecdn.net/647622546/maven/org/apache/maven/maven-artifact/3.6.0/maven-artifact-3.6.0.jar\",\r\n          \"sha1\": \"d4c0da647de59c9ccc304a112fe1f1474d49e8eb\",\r\n          \"size\": 55051\r\n        }\r\n      }\r\n    },\r\n    {\r\n      \"name\": \"net.jodah:typetools:0.8.1\",\r\n      \"downloads\": {\r\n        \"artifact\": {\r\n          \"path\": \"net/jodah/typetools/0.8.1/typetools-0.8.1.jar\",\r\n          \"url\": \"https://modloaders.forgecdn.net/647622546/maven/net/jodah/typetools/0.8.1/typetools-0.8.1.jar\",\r\n          \"sha1\": \"d12de898d333cb7eb0e39a35db03c1e09d92d595\",\r\n          \"size\": 15367\r\n        }\r\n      }\r\n    },\r\n    {\r\n      \"name\": \"org.apache.logging.log4j:log4j-api:2.11.2\",\r\n      \"downloads\": {\r\n        \"artifact\": {\r\n          \"path\": \"org/apache/logging/log4j/log4j-api/2.11.2/log4j-api-2.11.2.jar\",\r\n          \"url\": \"https://modloaders.forgecdn.net/647622546/maven/org/apache/logging/log4j/log4j-api/2.11.2/log4j-api-2.11.2.jar\",\r\n          \"sha1\": \"f5e9a2ffca496057d6891a3de65128efc636e26e\",\r\n          \"size\": 266283\r\n        }\r\n      }\r\n    },\r\n    {\r\n      \"name\": \"org.apache.logging.log4j:log4j-core:2.11.2\",\r\n      \"downloads\": {\r\n        \"artifact\": {\r\n          \"path\": \"org/apache/logging/log4j/log4j-core/2.11.2/log4j-core-2.11.2.jar\",\r\n          \"url\": \"https://modloaders.forgecdn.net/647622546/maven/org/apache/logging/log4j/log4j-core/2.11.2/log4j-core-2.11.2.jar\",\r\n          \"sha1\": \"6c2fb3f5b7cd27504726aef1b674b542a0c9cf53\",\r\n          \"size\": 1629585\r\n        }\r\n      }\r\n    },\r\n    {\r\n      \"name\": \"net.minecrell:terminalconsoleappender:1.2.0\",\r\n      \"downloads\": {\r\n        \"artifact\": {\r\n          \"path\": \"net/minecrell/terminalconsoleappender/1.2.0/terminalconsoleappender-1.2.0.jar\",\r\n          \"url\": \"https://modloaders.forgecdn.net/647622546/maven/net/minecrell/terminalconsoleappender/1.2.0/terminalconsoleappender-1.2.0.jar\",\r\n          \"sha1\": \"96d02cd3b384ff015a8fef4223bcb4ccf1717c95\",\r\n          \"size\": 15977\r\n        }\r\n      }\r\n    },\r\n    {\r\n      \"name\": \"net.sf.jopt-simple:jopt-simple:5.0.4\",\r\n      \"downloads\": {\r\n        \"artifact\": {\r\n          \"path\": \"net/sf/jopt-simple/jopt-simple/5.0.4/jopt-simple-5.0.4.jar\",\r\n          \"url\": \"https://modloaders.forgecdn.net/647622546/maven/net/sf/jopt-simple/jopt-simple/5.0.4/jopt-simple-5.0.4.jar\",\r\n          \"sha1\": \"4fdac2fbe92dfad86aa6e9301736f6b4342a3f5c\",\r\n          \"size\": 78146\r\n        }\r\n      }\r\n    },\r\n    {\r\n      \"name\": \"org.spongepowered:mixin:0.8\",\r\n      \"downloads\": {\r\n        \"artifact\": {\r\n          \"path\": \"org/spongepowered/mixin/0.8/mixin-0.8.jar\",\r\n          \"url\": \"https://modloaders.forgecdn.net/647622546/maven/org/spongepowered/mixin/0.8/mixin-0.8.jar\",\r\n          \"sha1\": \"dbe9e5db694a7c3cd644d5bb98f8a21295c75048\",\r\n          \"size\": 931239\r\n        }\r\n      }\r\n    }\r\n  ],\r\n  \"mainClass\": \"cpw.mods.modlauncher.Launcher\",\r\n  \"arguments\": {\r\n    \"game\": [\r\n      \"--launchTarget\",\r\n      \"fmlclient\",\r\n      \"--fml.forgeVersion\",\r\n      \"33.0.42\",\r\n      \"--fml.mcVersion\",\r\n      \"1.16.2\",\r\n      \"--fml.forgeGroup\",\r\n      \"net.minecraftforge\",\r\n      \"--fml.mcpVersion\",\r\n      \"20200812.004259\"\r\n    ]\r\n  }\r\n}",
    "librariesInstallLocation": "{0}\\libraries\\net\\minecraftforge\\forge\\1.16.2-33.0.42",
    "minecraftVersion": "1.16.2",
    "modLoaderGameVersionId": 8042,
    "modLoaderGameVersionTypeId": 3,
    "modLoaderGameVersionStatus": 1,
    "modLoaderGameVersionTypeStatus": 1,
    "mcGameVersionId": 8010,
    "mcGameVersionTypeId": 70886,
    "mcGameVersionStatus": 1,
    "mcGameVersionTypeStatus": 1,
    "installProfileJson": "{\r\n  \"_comment_\": [\r\n    \"Please do not automate the download and installation of Forge.\",\r\n    \"Our efforts are supported by ads from the download page.\",\r\n    \"If you MUST automate this, please consider supporting the project through https://www.patreon.com/LexManos/\"\r\n  ],\r\n  \"profile\": \"forge\",\r\n  \"version\": \"1.16.2-forge-33.0.42\",\r\n  \"json\": \"/version.json\",\r\n  \"path\": \"net.minecraftforge:forge:1.16.2-33.0.42\",\r\n  \"logo\": \"/big_logo.png\",\r\n  \"minecraft\": \"1.16.2\",\r\n  \"welcome\": \"Welcome to the simple Forge installer.\",\r\n  \"data\": {\r\n    \"MAPPINGS\": {\r\n      \"client\": \"[de.oceanlabs.mcp:mcp_config:1.16.2-20200812.004259:mappings@txt]\",\r\n      \"server\": \"[de.oceanlabs.mcp:mcp_config:1.16.2-20200812.004259:mappings@txt]\"\r\n    },\r\n    \"BINPATCH\": {\r\n      \"client\": \"/data/client.lzma\",\r\n      \"server\": \"/data/server.lzma\"\r\n    },\r\n    \"MC_SLIM\": {\r\n      \"client\": \"[net.minecraft:client:1.16.2-20200812.004259:slim]\",\r\n      \"server\": \"[net.minecraft:server:1.16.2-20200812.004259:slim]\"\r\n    },\r\n    \"MC_SLIM_SHA\": {\r\n      \"client\": \"'59c9d9f4b6cefd78bf78c6e4d93f7dc43440feae'\",\r\n      \"server\": \"'a05b056c0cc8f7862039ef04f56553b974d9bbb3'\"\r\n    },\r\n    \"MC_EXTRA\": {\r\n      \"client\": \"[net.minecraft:client:1.16.2-20200812.004259:extra]\",\r\n      \"server\": \"[net.minecraft:server:1.16.2-20200812.004259:extra]\"\r\n    },\r\n    \"MC_EXTRA_SHA\": {\r\n      \"client\": \"'d1e4ec66603575c325567c6b4709852c895bcdb1'\",\r\n      \"server\": \"'3bb24fce1ba8cc15c75094c7e4c58f0d2b11eb32'\"\r\n    },\r\n    \"MC_SRG\": {\r\n      \"client\": \"[net.minecraft:client:1.16.2-20200812.004259:srg]\",\r\n      \"server\": \"[net.minecraft:server:1.16.2-20200812.004259:srg]\"\r\n    },\r\n    \"PATCHED\": {\r\n      \"client\": \"[net.minecraftforge:forge:1.16.2-33.0.42:client]\",\r\n      \"server\": \"[net.minecraftforge:forge:1.16.2-33.0.42:server]\"\r\n    },\r\n    \"PATCHED_SHA\": {\r\n      \"client\": \"'360536bffb668447a90e1c7b0971e24daedc89ea'\",\r\n      \"server\": \"'4bbe5e0100b0fbc5b1dff1a4990ce541823151b0'\"\r\n    },\r\n    \"MCP_VERSION\": {\r\n      \"client\": \"'20200812.004259'\",\r\n      \"server\": \"'20200812.004259'\"\r\n    }\r\n  },\r\n  \"processors\": [\r\n    {\r\n      \"jar\": \"net.minecraftforge:installertools:1.1.11\",\r\n      \"classpath\": [\r\n        \"net.md-5:SpecialSource:1.8.5\",\r\n        \"net.sf.jopt-simple:jopt-simple:5.0.4\",\r\n        \"com.google.code.gson:gson:2.8.0\",\r\n        \"de.siegmar:fastcsv:1.0.2\",\r\n        \"org.ow2.asm:asm-commons:6.1.1\",\r\n        \"com.google.guava:guava:20.0\",\r\n        \"net.sf.opencsv:opencsv:2.3\",\r\n        \"org.ow2.asm:asm-analysis:6.1.1\",\r\n        \"org.ow2.asm:asm-tree:6.1.1\",\r\n        \"org.ow2.asm:asm:6.1.1\"\r\n      ],\r\n      \"args\": [\r\n        \"--task\",\r\n        \"MCP_DATA\",\r\n        \"--input\",\r\n        \"[de.oceanlabs.mcp:mcp_config:1.16.2-20200812.004259@zip]\",\r\n        \"--output\",\r\n        \"{MAPPINGS}\",\r\n        \"--key\",\r\n        \"mappings\"\r\n      ]\r\n    },\r\n    {\r\n      \"jar\": \"net.minecraftforge:jarsplitter:1.1.2\",\r\n      \"classpath\": [\r\n        \"net.sf.jopt-simple:jopt-simple:5.0.4\"\r\n      ],\r\n      \"args\": [\r\n        \"--input\",\r\n        \"{MINECRAFT_JAR}\",\r\n        \"--slim\",\r\n        \"{MC_SLIM}\",\r\n        \"--extra\",\r\n        \"{MC_EXTRA}\",\r\n        \"--srg\",\r\n        \"{MAPPINGS}\"\r\n      ]\r\n    },\r\n    {\r\n      \"jar\": \"net.md-5:SpecialSource:1.8.5\",\r\n      \"classpath\": [\r\n        \"org.ow2.asm:asm-commons:6.1.1\",\r\n        \"net.sf.jopt-simple:jopt-simple:4.9\",\r\n        \"com.google.guava:guava:20.0\",\r\n        \"net.sf.opencsv:opencsv:2.3\",\r\n        \"org.ow2.asm:asm-analysis:6.1.1\",\r\n        \"org.ow2.asm:asm-tree:6.1.1\",\r\n        \"org.ow2.asm:asm:6.1.1\"\r\n      ],\r\n      \"args\": [\r\n        \"--in-jar\",\r\n        \"{MC_SLIM}\",\r\n        \"--out-jar\",\r\n        \"{MC_SRG}\",\r\n        \"--srg-in\",\r\n        \"{MAPPINGS}\"\r\n      ]\r\n    },\r\n    {\r\n      \"jar\": \"net.minecraftforge:binarypatcher:1.0.12\",\r\n      \"classpath\": [\r\n        \"commons-io:commons-io:2.4\",\r\n        \"com.google.guava:guava:25.1-jre\",\r\n        \"net.sf.jopt-simple:jopt-simple:5.0.4\",\r\n        \"com.github.jponge:lzma-java:1.3\",\r\n        \"com.nothome:javaxdelta:2.0.1\",\r\n        \"com.google.code.findbugs:jsr305:3.0.2\",\r\n        \"org.checkerframework:checker-qual:2.0.0\",\r\n        \"com.google.errorprone:error_prone_annotations:2.1.3\",\r\n        \"com.google.j2objc:j2objc-annotations:1.1\",\r\n        \"org.codehaus.mojo:animal-sniffer-annotations:1.14\",\r\n        \"trove:trove:1.0.2\"\r\n      ],\r\n      \"args\": [\r\n        \"--clean\",\r\n        \"{MC_SRG}\",\r\n        \"--output\",\r\n        \"{PATCHED}\",\r\n        \"--apply\",\r\n        \"{BINPATCH}\"\r\n      ]\r\n    }\r\n  ],\r\n  \"libraries\": [\r\n    {\r\n      \"name\": \"com.github.jponge:lzma-java:1.3\",\r\n      \"downloads\": {\r\n        \"artifact\": {\r\n          \"path\": \"com/github/jponge/lzma-java/1.3/lzma-java-1.3.jar\",\r\n          \"url\": \"https://modloaders.forgecdn.net/647622546/maven/com/github/jponge/lzma-java/1.3/lzma-java-1.3.jar\",\r\n          \"sha1\": \"a25db9d4d385ccda4825ae1b47a7a61d86e595af\",\r\n          \"size\": 51041\r\n        }\r\n      }\r\n    },\r\n    {\r\n      \"name\": \"com.google.code.findbugs:jsr305:3.0.2\",\r\n      \"downloads\": {\r\n        \"artifact\": {\r\n          \"path\": \"com/google/code/findbugs/jsr305/3.0.2/jsr305-3.0.2.jar\",\r\n          \"url\": \"https://modloaders.forgecdn.net/647622546/maven/com/google/code/findbugs/jsr305/3.0.2/jsr305-3.0.2.jar\",\r\n          \"sha1\": \"25ea2e8b0c338a877313bd4672d3fe056ea78f0d\",\r\n          \"size\": 19936\r\n        }\r\n      }\r\n    },\r\n    {\r\n      \"name\": \"com.google.code.gson:gson:2.8.0\",\r\n      \"downloads\": {\r\n        \"artifact\": {\r\n          \"path\": \"com/google/code/gson/gson/2.8.0/gson-2.8.0.jar\",\r\n          \"url\": \"https://modloaders.forgecdn.net/647622546/maven/com/google/code/gson/gson/2.8.0/gson-2.8.0.jar\",\r\n          \"sha1\": \"c4ba5371a29ac9b2ad6129b1d39ea38750043eff\",\r\n          \"size\": 231952\r\n        }\r\n      }\r\n    },\r\n    {\r\n      \"name\": \"com.google.errorprone:error_prone_annotations:2.1.3\",\r\n      \"downloads\": {\r\n        \"artifact\": {\r\n          \"path\": \"com/google/errorprone/error_prone_annotations/2.1.3/error_prone_annotations-2.1.3.jar\",\r\n          \"url\": \"https://modloaders.forgecdn.net/647622546/maven/com/google/errorprone/error_prone_annotations/2.1.3/error_prone_annotations-2.1.3.jar\",\r\n          \"sha1\": \"39b109f2cd352b2d71b52a3b5a1a9850e1dc304b\",\r\n          \"size\": 13704\r\n        }\r\n      }\r\n    },\r\n    {\r\n      \"name\": \"com.google.guava:guava:20.0\",\r\n      \"downloads\": {\r\n        \"artifact\": {\r\n          \"path\": \"com/google/guava/guava/20.0/guava-20.0.jar\",\r\n          \"url\": \"https://modloaders.forgecdn.net/647622546/maven/com/google/guava/guava/20.0/guava-20.0.jar\",\r\n          \"sha1\": \"89507701249388e1ed5ddcf8c41f4ce1be7831ef\",\r\n          \"size\": 2442625\r\n        }\r\n      }\r\n    },\r\n    {\r\n      \"name\": \"com.google.guava:guava:25.1-jre\",\r\n      \"downloads\": {\r\n        \"artifact\": {\r\n          \"path\": \"com/google/guava/guava/25.1-jre/guava-25.1-jre.jar\",\r\n          \"url\": \"https://modloaders.forgecdn.net/647622546/maven/com/google/guava/guava/25.1-jre/guava-25.1-jre.jar\",\r\n          \"sha1\": \"6c57e4b22b44e89e548b5c9f70f0c45fe10fb0b4\",\r\n          \"size\": 2734339\r\n        }\r\n      }\r\n    },\r\n    {\r\n      \"name\": \"com.google.j2objc:j2objc-annotations:1.1\",\r\n      \"downloads\": {\r\n        \"artifact\": {\r\n          \"path\": \"com/google/j2objc/j2objc-annotations/1.1/j2objc-annotations-1.1.jar\",\r\n          \"url\": \"https://modloaders.forgecdn.net/647622546/maven/com/google/j2objc/j2objc-annotations/1.1/j2objc-annotations-1.1.jar\",\r\n          \"sha1\": \"ed28ded51a8b1c6b112568def5f4b455e6809019\",\r\n          \"size\": 8782\r\n        }\r\n      }\r\n    },\r\n    {\r\n      \"name\": \"com.nothome:javaxdelta:2.0.1\",\r\n      \"downloads\": {\r\n        \"artifact\": {\r\n          \"path\": \"com/nothome/javaxdelta/2.0.1/javaxdelta-2.0.1.jar\",\r\n          \"url\": \"https://modloaders.forgecdn.net/647622546/maven/com/nothome/javaxdelta/2.0.1/javaxdelta-2.0.1.jar\",\r\n          \"sha1\": \"d4f5d077f1b15c6f67595015d69572303ad3f66d\",\r\n          \"size\": 38995\r\n        }\r\n      }\r\n    },\r\n    {\r\n      \"name\": \"commons-io:commons-io:2.4\",\r\n      \"downloads\": {\r\n        \"artifact\": {\r\n          \"path\": \"commons-io/commons-io/2.4/commons-io-2.4.jar\",\r\n          \"url\": \"https://modloaders.forgecdn.net/647622546/maven/commons-io/commons-io/2.4/commons-io-2.4.jar\",\r\n          \"sha1\": \"b1b6ea3b7e4aa4f492509a4952029cd8e48019ad\",\r\n          \"size\": 185140\r\n        }\r\n      }\r\n    },\r\n    {\r\n      \"name\": \"de.oceanlabs.mcp:mcp_config:1.16.2-20200812.004259@zip\",\r\n      \"downloads\": {\r\n        \"artifact\": {\r\n          \"path\": \"de/oceanlabs/mcp/mcp_config/1.16.2-20200812.004259/mcp_config-1.16.2-20200812.004259.zip\",\r\n          \"url\": \"https://modloaders.forgecdn.net/647622546/maven/de/oceanlabs/mcp/mcp_config/1.16.2-20200812.004259/mcp_config-1.16.2-20200812.004259.zip\",\r\n          \"sha1\": \"94ee233f211ed5e18ac9cfcf768b3fe176f79691\",\r\n          \"size\": 773087\r\n        }\r\n      }\r\n    },\r\n    {\r\n      \"name\": \"de.siegmar:fastcsv:1.0.2\",\r\n      \"downloads\": {\r\n        \"artifact\": {\r\n          \"path\": \"de/siegmar/fastcsv/1.0.2/fastcsv-1.0.2.jar\",\r\n          \"url\": \"https://modloaders.forgecdn.net/647622546/maven/de/siegmar/fastcsv/1.0.2/fastcsv-1.0.2.jar\",\r\n          \"sha1\": \"28df8e24cf973f7620816051fbd4b0ab8adde36e\",\r\n          \"size\": 16133\r\n        }\r\n      }\r\n    },\r\n    {\r\n      \"name\": \"net.md-5:SpecialSource:1.8.5\",\r\n      \"downloads\": {\r\n        \"artifact\": {\r\n          \"path\": \"net/md-5/SpecialSource/1.8.5/SpecialSource-1.8.5.jar\",\r\n          \"url\": \"https://modloaders.forgecdn.net/647622546/maven/net/md-5/SpecialSource/1.8.5/SpecialSource-1.8.5.jar\",\r\n          \"sha1\": \"c670c493c436a885c872fa4810bc698628b95922\",\r\n          \"size\": 81179\r\n        }\r\n      }\r\n    },\r\n    {\r\n      \"name\": \"net.minecraftforge:binarypatcher:1.0.12\",\r\n      \"downloads\": {\r\n        \"artifact\": {\r\n          \"path\": \"net/minecraftforge/binarypatcher/1.0.12/binarypatcher-1.0.12.jar\",\r\n          \"url\": \"https://modloaders.forgecdn.net/647622546/maven/net/minecraftforge/binarypatcher/1.0.12/binarypatcher-1.0.12.jar\",\r\n          \"sha1\": \"971ea098f83ef2e1b96c1b7849465bb79fd05838\",\r\n          \"size\": 16491\r\n        }\r\n      }\r\n    },\r\n    {\r\n      \"name\": \"net.minecraftforge:forge:1.16.2-33.0.42:universal\",\r\n      \"downloads\": {\r\n        \"artifact\": {\r\n          \"path\": \"net/minecraftforge/forge/1.16.2-33.0.42/forge-1.16.2-33.0.42-universal.jar\",\r\n          \"url\": \"\",\r\n          \"sha1\": \"e7f7cb5ee2f86a62b21abd201c7bb45c5ef126fb\",\r\n          \"size\": 2199732\r\n        }\r\n      }\r\n    },\r\n    {\r\n      \"name\": \"net.minecraftforge:installertools:1.1.11\",\r\n      \"downloads\": {\r\n        \"artifact\": {\r\n          \"path\": \"net/minecraftforge/installertools/1.1.11/installertools-1.1.11.jar\",\r\n          \"url\": \"https://modloaders.forgecdn.net/647622546/maven/net/minecraftforge/installertools/1.1.11/installertools-1.1.11.jar\",\r\n          \"sha1\": \"dc21c749fc4b05fbd8e8d63bee3955b38239da38\",\r\n          \"size\": 54303\r\n        }\r\n      }\r\n    },\r\n    {\r\n      \"name\": \"net.minecraftforge:jarsplitter:1.1.2\",\r\n      \"downloads\": {\r\n        \"artifact\": {\r\n          \"path\": \"net/minecraftforge/jarsplitter/1.1.2/jarsplitter-1.1.2.jar\",\r\n          \"url\": \"https://modloaders.forgecdn.net/647622546/maven/net/minecraftforge/jarsplitter/1.1.2/jarsplitter-1.1.2.jar\",\r\n          \"sha1\": \"7d6c2c293883c220e7622087849b26a35b3318e5\",\r\n          \"size\": 7981\r\n        }\r\n      }\r\n    },\r\n    {\r\n      \"name\": \"net.sf.jopt-simple:jopt-simple:4.9\",\r\n      \"downloads\": {\r\n        \"artifact\": {\r\n          \"path\": \"net/sf/jopt-simple/jopt-simple/4.9/jopt-simple-4.9.jar\",\r\n          \"url\": \"https://modloaders.forgecdn.net/647622546/maven/net/sf/jopt-simple/jopt-simple/4.9/jopt-simple-4.9.jar\",\r\n          \"sha1\": \"ee9e9eaa0a35360dcfeac129ff4923215fd65904\",\r\n          \"size\": 66469\r\n        }\r\n      }\r\n    },\r\n    {\r\n      \"name\": \"net.sf.jopt-simple:jopt-simple:5.0.4\",\r\n      \"downloads\": {\r\n        \"artifact\": {\r\n          \"path\": \"net/sf/jopt-simple/jopt-simple/5.0.4/jopt-simple-5.0.4.jar\",\r\n          \"url\": \"https://modloaders.forgecdn.net/647622546/maven/net/sf/jopt-simple/jopt-simple/5.0.4/jopt-simple-5.0.4.jar\",\r\n          \"sha1\": \"4fdac2fbe92dfad86aa6e9301736f6b4342a3f5c\",\r\n          \"size\": 78146\r\n        }\r\n      }\r\n    },\r\n    {\r\n      \"name\": \"net.sf.opencsv:opencsv:2.3\",\r\n      \"downloads\": {\r\n        \"artifact\": {\r\n          \"path\": \"net/sf/opencsv/opencsv/2.3/opencsv-2.3.jar\",\r\n          \"url\": \"https://modloaders.forgecdn.net/647622546/maven/net/sf/opencsv/opencsv/2.3/opencsv-2.3.jar\",\r\n          \"sha1\": \"c23708cdb9e80a144db433e23344a788a1fd6599\",\r\n          \"size\": 19827\r\n        }\r\n      }\r\n    },\r\n    {\r\n      \"name\": \"org.checkerframework:checker-qual:2.0.0\",\r\n      \"downloads\": {\r\n        \"artifact\": {\r\n          \"path\": \"org/checkerframework/checker-qual/2.0.0/checker-qual-2.0.0.jar\",\r\n          \"url\": \"https://modloaders.forgecdn.net/647622546/maven/org/checkerframework/checker-qual/2.0.0/checker-qual-2.0.0.jar\",\r\n          \"sha1\": \"518929596ee3249127502a8573b2e008e2d51ed3\",\r\n          \"size\": 343222\r\n        }\r\n      }\r\n    },\r\n    {\r\n      \"name\": \"org.codehaus.mojo:animal-sniffer-annotations:1.14\",\r\n      \"downloads\": {\r\n        \"artifact\": {\r\n          \"path\": \"org/codehaus/mojo/animal-sniffer-annotations/1.14/animal-sniffer-annotations-1.14.jar\",\r\n          \"url\": \"https://modloaders.forgecdn.net/647622546/maven/org/codehaus/mojo/animal-sniffer-annotations/1.14/animal-sniffer-annotations-1.14.jar\",\r\n          \"sha1\": \"775b7e22fb10026eed3f86e8dc556dfafe35f2d5\",\r\n          \"size\": 3482\r\n        }\r\n      }\r\n    },\r\n    {\r\n      \"name\": \"org.ow2.asm:asm-analysis:6.1.1\",\r\n      \"downloads\": {\r\n        \"artifact\": {\r\n          \"path\": \"org/ow2/asm/asm-analysis/6.1.1/asm-analysis-6.1.1.jar\",\r\n          \"url\": \"https://modloaders.forgecdn.net/647622546/maven/org/ow2/asm/asm-analysis/6.1.1/asm-analysis-6.1.1.jar\",\r\n          \"sha1\": \"376d85732456ec4d2c4bc020ee152061c61f00b5\",\r\n          \"size\": 31979\r\n        }\r\n      }\r\n    },\r\n    {\r\n      \"name\": \"org.ow2.asm:asm-commons:6.1.1\",\r\n      \"downloads\": {\r\n        \"artifact\": {\r\n          \"path\": \"org/ow2/asm/asm-commons/6.1.1/asm-commons-6.1.1.jar\",\r\n          \"url\": \"https://modloaders.forgecdn.net/647622546/maven/org/ow2/asm/asm-commons/6.1.1/asm-commons-6.1.1.jar\",\r\n          \"sha1\": \"70a7deee986e66c015cea1c9978f9654cc667020\",\r\n          \"size\": 77745\r\n        }\r\n      }\r\n    },\r\n    {\r\n      \"name\": \"org.ow2.asm:asm-tree:6.1.1\",\r\n      \"downloads\": {\r\n        \"artifact\": {\r\n          \"path\": \"org/ow2/asm/asm-tree/6.1.1/asm-tree-6.1.1.jar\",\r\n          \"url\": \"https://modloaders.forgecdn.net/647622546/maven/org/ow2/asm/asm-tree/6.1.1/asm-tree-6.1.1.jar\",\r\n          \"sha1\": \"19fdc358e7bd3986b9867de508ce6cefa693dda6\",\r\n          \"size\": 50050\r\n        }\r\n      }\r\n    },\r\n    {\r\n      \"name\": \"org.ow2.asm:asm:6.1.1\",\r\n      \"downloads\": {\r\n        \"artifact\": {\r\n          \"path\": \"org/ow2/asm/asm/6.1.1/asm-6.1.1.jar\",\r\n          \"url\": \"https://modloaders.forgecdn.net/647622546/maven/org/ow2/asm/asm/6.1.1/asm-6.1.1.jar\",\r\n          \"sha1\": \"264754515362d92acd39e8d40395f6b8dee7bc08\",\r\n          \"size\": 108252\r\n        }\r\n      }\r\n    },\r\n    {\r\n      \"name\": \"trove:trove:1.0.2\",\r\n      \"downloads\": {\r\n        \"artifact\": {\r\n          \"path\": \"trove/trove/1.0.2/trove-1.0.2.jar\",\r\n          \"url\": \"https://modloaders.forgecdn.net/647622546/maven/trove/trove/1.0.2/trove-1.0.2.jar\",\r\n          \"sha1\": \"112b40581ab9a4d3de4636d49985a7f686d181c8\",\r\n          \"size\": 361155\r\n        }\r\n      }\r\n    },\r\n    {\r\n      \"name\": \"net.minecraftforge:forge:1.16.2-33.0.42:universal\",\r\n      \"downloads\": {\r\n        \"artifact\": {\r\n          \"path\": \"net/minecraftforge/forge/1.16.2-33.0.42/forge-1.16.2-33.0.42-universal.jar\",\r\n          \"url\": \"https://modloaders.forgecdn.net/647622546/maven/net/minecraftforge/forge/1.16.2-33.0.42/forge-1.16.2-33.0.42-universal.jar\",\r\n          \"size\": 0\r\n        }\r\n      }\r\n    },\r\n    {\r\n      \"name\": \"net.minecraftforge:forge:1.16.2-33.0.42:clientdata@lzma\",\r\n      \"downloads\": {\r\n        \"artifact\": {\r\n          \"path\": \"net/minecraftforge/forge/1.16.2-33.0.42/forge-1.16.2-33.0.42-clientdata.lzma\",\r\n          \"url\": \"https://modloaders.forgecdn.net/647622546/maven/net/minecraftforge/forge/1.16.2-33.0.42/forge-1.16.2-33.0.42-clientdata.lzma\",\r\n          \"size\": 0\r\n        }\r\n      }\r\n    }\r\n  ]\r\n}"
  },
  "isUnlocked": true,
  "javaArgsOverride": null,
  "javaDirOverride": null,
  "lastPlayed": "0001-01-01T00:00:00",
  "manifest": null,
  "fileDate": "0001-01-01T00:00:00",
  "installedModpack": null,
  "projectID": 0,
  "fileID": 0,
  "customAuthor": "G01DEYE",
  "modpackOverrides": null,
  "isMemoryOverride": false,
  "allocatedMemory": 9984,
  "guid": "ff5cc5c6-6b47-4f65-af44-2cdd68a50f42",
  "gameTypeID": 432,
  "installPath": "C:\\Users\\jackp\\OneDrive\\Documents\\Curse\\Minecraft\\Instances\\Utility_mods_1.16.2\\",
  "name": "Utility_mods_1.16.2",
  "cachedScans": [],
  "isValid": true,
  "lastPreviousMatchUpdate": "0001-01-01T00:00:00",
  "isEnabled": true,
  "isPinned": false,
  "gameVersion": "1.16.2",
  "preferenceAlternateFile": false,
  "preferenceAutoInstallUpdates": false,
  "preferenceQuickDeleteLibraries": true,
  "preferenceDeleteSavedVariables": true,
  "preferenceProcessFileCommands": true,
  "preferenceReleaseType": 1,
  "syncProfile": {
    "PreferenceEnabled": false,
    "PreferenceAutoSync": true,
    "PreferenceAutoDelete": false,
    "PreferenceBackupSavedVariables": false,
    "GameInstanceGuid": "00000000-0000-0000-0000-000000000000",
    "SyncProfileID": 0,
    "SavedVariablesProfile": null,
    "LastSyncDate": "0001-01-01T00:00:00"
  },
  "preferenceShowAddOnInfo": true,
  "installDate": "2020-09-07T03:54:54.0989613Z",
  "installedAddons": [
    {
      "addonID": 224223,
      "gameInstanceID": "ff5cc5c6-6b47-4f65-af44-2cdd68a50f42",
      "installedFile": {
        "id": 3033233,
        "displayName": "BetterTitleScreen-1.16.2-1.10.1.jar",
        "fileName": "BetterTitleScreen-1.16.2-1.10.1.jar",
        "fileDate": "2020-08-15T15:23:21.71Z",
        "fileLength": 12533,
        "releaseType": 1,
        "fileStatus": 4,
        "downloadUrl": "https://edge.forgecdn.net/files/3033/233/BetterTitleScreen-1.16.2-1.10.1.jar",
        "isAlternate": false,
        "alternateFileId": 0,
        "dependencies": [],
        "isAvailable": true,
        "modules": [
          {
            "foldername": "META-INF",
            "fingerprint": 2967510687,
            "type": 0
          },
          {
            "foldername": "com",
            "fingerprint": 2204979975,
            "type": 0
          },
          {
            "foldername": "assets",
            "fingerprint": 599788308,
            "type": 0
          },
          {
            "foldername": "logo.png",
            "fingerprint": 1602153178,
            "type": 0
          },
          {
            "foldername": "pack.mcmeta",
            "fingerprint": 1878071682,
            "type": 0
          }
        ],
        "packageFingerprint": 1356515505,
        "gameVersion": [
          "Forge",
          "1.16.2"
        ],
        "hasInstallScript": false,
        "isCompatibleWithClient": false,
        "categorySectionPackageType": 0,
        "restrictProjectFileAccess": 0,
        "projectStatus": 0,
        "projectId": 0,
        "gameVersionDateReleased": "2019-08-01T00:00:00Z",
        "gameId": 0,
        "isServerPack": false,
        "FileNameOnDisk": "BetterTitleScreen-1.16.2-1.10.1.jar"
      },
      "dateInstalled": "2020-09-07T03:55:17.666923Z",
      "dateUpdated": "2020-09-07T03:55:17.8008456Z",
      "dateLastUpdateAttempted": "2020-09-07T03:55:17.8008456Z",
      "status": 4,
      "preferenceAutoInstallUpdates": false,
      "preferenceAlternateFile": false,
      "preferenceIsIgnored": false,
      "isModified": false,
      "isWorkingCopy": false,
      "isFuzzyMatch": false,
      "preferenceReleaseType": null,
      "manifestName": null,
      "installedTargets": []
    },
    {
      "addonID": 285612,
      "gameInstanceID": "ff5cc5c6-6b47-4f65-af44-2cdd68a50f42",
      "installedFile": {
        "id": 3042580,
        "displayName": "RandomPatches 1.16.2-1.22.1.2",
        "fileName": "randompatches-1.16.2-1.22.1.2.jar",
        "fileDate": "2020-08-26T11:21:07.27Z",
        "fileLength": 209595,
        "releaseType": 1,
        "fileStatus": 4,
        "downloadUrl": "https://edge.forgecdn.net/files/3042/580/randompatches-1.16.2-1.22.1.2.jar",
        "isAlternate": false,
        "alternateFileId": 0,
        "dependencies": [],
        "isAvailable": true,
        "modules": [
          {
            "foldername": "META-INF",
            "fingerprint": 1144511819,
            "type": 0
          },
          {
            "foldername": "assets",
            "fingerprint": 1794777586,
            "type": 0
          },
          {
            "foldername": "com",
            "fingerprint": 351565507,
            "type": 0
          },
          {
            "foldername": "logo.png",
            "fingerprint": 449600121,
            "type": 0
          },
          {
            "foldername": "pack.mcmeta",
            "fingerprint": 493624583,
            "type": 0
          },
          {
            "foldername": "patches",
            "fingerprint": 2601980818,
            "type": 0
          }
        ],
        "packageFingerprint": 1930332564,
        "gameVersion": [
          "Forge",
          "1.16.2"
        ],
        "hasInstallScript": false,
        "isCompatibleWithClient": false,
        "categorySectionPackageType": 0,
        "restrictProjectFileAccess": 0,
        "projectStatus": 0,
        "projectId": 0,
        "gameVersionDateReleased": "2008-03-01T06:00:00Z",
        "gameId": 0,
        "isServerPack": false,
        "FileNameOnDisk": "randompatches-1.16.2-1.22.1.2.jar"
      },
      "dateInstalled": "2020-09-07T03:57:21.5376715Z",
      "dateUpdated": "2020-09-07T03:57:21.5416668Z",
      "dateLastUpdateAttempted": "2020-09-07T03:57:21.5416668Z",
      "status": 4,
      "preferenceAutoInstallUpdates": false,
      "preferenceAlternateFile": false,
      "preferenceIsIgnored": false,
      "isModified": false,
      "isWorkingCopy": false,
      "isFuzzyMatch": false,
      "preferenceReleaseType": null,
      "manifestName": null,
      "installedTargets": []
    },
    {
      "addonID": 372196,
      "gameInstanceID": "ff5cc5c6-6b47-4f65-af44-2cdd68a50f42",
      "installedFile": {
        "id": 3046545,
        "displayName": "OptiForge-MC1.16.2-0.2.4",
        "fileName": "OptiForge-MC1.16.2-0.2.4.jar",
        "fileDate": "2020-08-31T15:28:53.493Z",
        "fileLength": 196688,
        "releaseType": 2,
        "fileStatus": 4,
        "downloadUrl": "https://edge.forgecdn.net/files/3046/545/OptiForge-MC1.16.2-0.2.4.jar",
        "isAlternate": false,
        "alternateFileId": 3046546,
        "dependencies": [
          {
            "id": 0,
            "addonId": 332975,
            "type": 2,
            "fileId": 0
          }
        ],
        "isAvailable": true,
        "modules": [
          {
            "foldername": "META-INF",
            "fingerprint": 3877490085,
            "type": 0
          },
          {
            "foldername": "io",
            "fingerprint": 2475022181,
            "type": 0
          },
          {
            "foldername": "pack.mcmeta",
            "fingerprint": 641502313,
            "type": 0
          },
          {
            "foldername": "requiredmods.properties",
            "fingerprint": 2796753157,
            "type": 0
          },
          {
            "foldername": "optiforge.png",
            "fingerprint": 2255592829,
            "type": 0
          },
          {
            "foldername": "mixins.optiforge.json",
            "fingerprint": 2187897089,
            "type": 0
          },
          {
            "foldername": "mixins.optiforge.refmap.json",
            "fingerprint": 3094686994,
            "type": 0
          }
        ],
        "packageFingerprint": 502576231,
        "gameVersion": [
          "Forge",
          "1.16.2"
        ],
        "hasInstallScript": false,
        "isCompatibleWithClient": false,
        "categorySectionPackageType": 0,
        "restrictProjectFileAccess": 0,
        "projectStatus": 0,
        "projectId": 0,
        "gameVersionDateReleased": "2008-03-01T06:00:00Z",
        "gameId": 0,
        "isServerPack": false,
        "FileNameOnDisk": "OptiForge-MC1.16.2-0.2.4.jar"
      },
      "dateInstalled": "2020-09-07T03:57:00.4819848Z",
      "dateUpdated": "2020-09-07T03:57:00.4859824Z",
      "dateLastUpdateAttempted": "2020-09-07T03:57:00.4859824Z",
      "status": 4,
      "preferenceAutoInstallUpdates": false,
      "preferenceAlternateFile": false,
      "preferenceIsIgnored": false,
      "isModified": false,
      "isWorkingCopy": false,
      "isFuzzyMatch": false,
      "preferenceReleaseType": null,
      "manifestName": null,
      "installedTargets": []
    },
    {
      "addonID": 292899,
      "gameInstanceID": "ff5cc5c6-6b47-4f65-af44-2cdd68a50f42",
      "installedFile": {
        "id": 3040385,
        "displayName": "ShulkerTooltip-1.9.3.jar",
        "fileName": "ShulkerTooltip-1.9.3.jar",
        "fileDate": "2020-08-23T21:28:52.907Z",
        "fileLength": 11298,
        "releaseType": 2,
        "fileStatus": 4,
        "downloadUrl": "https://edge.forgecdn.net/files/3040/385/ShulkerTooltip-1.9.3.jar",
        "isAlternate": false,
        "alternateFileId": 0,
        "dependencies": [],
        "isAvailable": true,
        "modules": [
          {
            "foldername": "META-INF",
            "fingerprint": 3016815133,
            "type": 0
          },
          {
            "foldername": "com",
            "fingerprint": 4213517958,
            "type": 0
          },
          {
            "foldername": "assets",
            "fingerprint": 26360733,
            "type": 0
          },
          {
            "foldername": "pack.mcmeta",
            "fingerprint": 3380797652,
            "type": 0
          }
        ],
        "packageFingerprint": 3380765382,
        "gameVersion": [
          "1.16.2"
        ],
        "hasInstallScript": false,
        "isCompatibleWithClient": false,
        "categorySectionPackageType": 0,
        "restrictProjectFileAccess": 0,
        "projectStatus": 0,
        "projectId": 0,
        "gameVersionDateReleased": "2020-08-11T16:42:21.863Z",
        "gameId": 0,
        "isServerPack": false,
        "FileNameOnDisk": "ShulkerTooltip-1.9.3.jar"
      },
      "dateInstalled": "2020-09-07T03:58:09.0408614Z",
      "dateUpdated": "2020-09-07T03:58:09.1138188Z",
      "dateLastUpdateAttempted": "2020-09-07T03:58:09.1138188Z",
      "status": 4,
      "preferenceAutoInstallUpdates": false,
      "preferenceAlternateFile": false,
      "preferenceIsIgnored": false,
      "isModified": false,
      "isWorkingCopy": false,
      "isFuzzyMatch": false,
      "preferenceReleaseType": null,
      "manifestName": null,
      "installedTargets": []
    },
    {
      "addonID": 233071,
      "gameInstanceID": "ff5cc5c6-6b47-4f65-af44-2cdd68a50f42",
      "installedFile": {
        "id": 3046578,
        "displayName": "CraftingTweaks_1.16.2-12.1.1.jar",
        "fileName": "CraftingTweaks_1.16.2-12.1.1.jar",
        "fileDate": "2020-08-31T16:37:08.92Z",
        "fileLength": 110839,
        "releaseType": 2,
        "fileStatus": 4,
        "downloadUrl": "https://edge.forgecdn.net/files/3046/578/CraftingTweaks_1.16.2-12.1.1.jar",
        "isAlternate": false,
        "alternateFileId": 0,
        "dependencies": [],
        "isAvailable": true,
        "modules": [
          {
            "foldername": "META-INF",
            "fingerprint": 3632526635,
            "type": 0
          },
          {
            "foldername": "net",
            "fingerprint": 349968708,
            "type": 0
          },
          {
            "foldername": "assets",
            "fingerprint": 2295690175,
            "type": 0
          },
          {
            "foldername": "pack.mcmeta",
            "fingerprint": 3365466299,
            "type": 0
          }
        ],
        "packageFingerprint": 4230090196,
        "gameVersion": [
          "1.16.2"
        ],
        "hasInstallScript": false,
        "isCompatibleWithClient": false,
        "categorySectionPackageType": 0,
        "restrictProjectFileAccess": 0,
        "projectStatus": 0,
        "projectId": 0,
        "gameVersionDateReleased": "2020-08-11T16:42:21.863Z",
        "gameId": 0,
        "isServerPack": false,
        "FileNameOnDisk": "CraftingTweaks_1.16.2-12.1.1.jar"
      },
      "dateInstalled": "2020-09-07T03:55:39.6618436Z",
      "dateUpdated": "2020-09-07T03:55:39.6648441Z",
      "dateLastUpdateAttempted": "2020-09-07T03:55:39.6648441Z",
      "status": 4,
      "preferenceAutoInstallUpdates": false,
      "preferenceAlternateFile": false,
      "preferenceIsIgnored": false,
      "isModified": false,
      "isWorkingCopy": false,
      "isFuzzyMatch": false,
      "preferenceReleaseType": null,
      "manifestName": null,
      "installedTargets": []
    },
    {
      "addonID": 238747,
      "gameInstanceID": "ff5cc5c6-6b47-4f65-af44-2cdd68a50f42",
      "installedFile": {
        "id": 3038982,
        "displayName": "1.15.0",
        "fileName": "modnametooltip_1.16.2-1.15.0.jar",
        "fileDate": "2020-08-21T23:57:00.707Z",
        "fileLength": 10221,
        "releaseType": 1,
        "fileStatus": 4,
        "downloadUrl": "https://edge.forgecdn.net/files/3038/982/modnametooltip_1.16.2-1.15.0.jar",
        "isAlternate": false,
        "alternateFileId": 0,
        "dependencies": [],
        "isAvailable": true,
        "modules": [
          {
            "foldername": "META-INF",
            "fingerprint": 1204064613,
            "type": 0
          },
          {
            "foldername": "mezz",
            "fingerprint": 1019119808,
            "type": 0
          },
          {
            "foldername": "assets",
            "fingerprint": 1318783683,
            "type": 0
          },
          {
            "foldername": "pack.mcmeta",
            "fingerprint": 3693145601,
            "type": 0
          }
        ],
        "packageFingerprint": 2927785846,
        "gameVersion": [
          "1.16.2"
        ],
        "hasInstallScript": false,
        "isCompatibleWithClient": false,
        "categorySectionPackageType": 0,
        "restrictProjectFileAccess": 0,
        "projectStatus": 0,
        "projectId": 0,
        "gameVersionDateReleased": "2008-03-01T06:00:00Z",
        "gameId": 0,
        "isServerPack": false,
        "FileNameOnDisk": "modnametooltip_1.16.2-1.15.0.jar"
      },
      "dateInstalled": "2020-09-07T03:56:45.0989069Z",
      "dateUpdated": "2020-09-07T03:56:45.1039035Z",
      "dateLastUpdateAttempted": "2020-09-07T03:56:45.1039035Z",
      "status": 4,
      "preferenceAutoInstallUpdates": false,
      "preferenceAlternateFile": false,
      "preferenceIsIgnored": false,
      "isModified": false,
      "isWorkingCopy": false,
      "isFuzzyMatch": false,
      "preferenceReleaseType": null,
      "manifestName": null,
      "installedTargets": []
    },
    {
      "addonID": 238222,
      "gameInstanceID": "ff5cc5c6-6b47-4f65-af44-2cdd68a50f42",
      "installedFile": {
        "id": 3046220,
        "displayName": "jei-1.16.2-7.3.2.25.jar",
        "fileName": "jei-1.16.2-7.3.2.25.jar",
        "fileDate": "2020-08-31T02:58:23.973Z",
        "fileLength": 727243,
        "releaseType": 3,
        "fileStatus": 4,
        "downloadUrl": "https://edge.forgecdn.net/files/3046/220/jei-1.16.2-7.3.2.25.jar",
        "isAlternate": false,
        "alternateFileId": 0,
        "dependencies": [],
        "isAvailable": true,
        "modules": [
          {
            "foldername": "META-INF",
            "fingerprint": 3538035855,
            "type": 0
          },
          {
            "foldername": "mezz",
            "fingerprint": 371401060,
            "type": 0
          },
          {
            "foldername": "pack.mcmeta",
            "fingerprint": 1645019714,
            "type": 0
          },
          {
            "foldername": "assets",
            "fingerprint": 3946344957,
            "type": 0
          }
        ],
        "packageFingerprint": 2242396024,
        "gameVersion": [
          "Forge",
          "1.16.2"
        ],
        "hasInstallScript": false,
        "isCompatibleWithClient": false,
        "categorySectionPackageType": 0,
        "restrictProjectFileAccess": 0,
        "projectStatus": 0,
        "projectId": 0,
        "gameVersionDateReleased": "2008-03-01T06:00:00Z",
        "gameId": 0,
        "isServerPack": false,
        "FileNameOnDisk": "jei-1.16.2-7.3.2.25.jar"
      },
      "dateInstalled": "2020-09-07T03:56:14.3460348Z",
      "dateUpdated": "2020-09-07T03:56:14.3490506Z",
      "dateLastUpdateAttempted": "2020-09-07T03:56:14.3490506Z",
      "status": 4,
      "preferenceAutoInstallUpdates": false,
      "preferenceAlternateFile": false,
      "preferenceIsIgnored": false,
      "isModified": false,
      "isWorkingCopy": false,
      "isFuzzyMatch": false,
      "preferenceReleaseType": null,
      "manifestName": null,
      "installedTargets": []
    },
    {
      "addonID": 62514,
      "gameInstanceID": "ff5cc5c6-6b47-4f65-af44-2cdd68a50f42",
      "installedFile": {
        "id": 3047247,
        "displayName": "Batty's Coordinates PLUS Mod for Forge (1.16.2-0.3.0)",
        "fileName": "Batty's Coordinates PLUS Mod for Forge-1.16.2-0.3.0.jar",
        "fileDate": "2020-09-01T12:53:54.23Z",
        "fileLength": 60765,
        "releaseType": 2,
        "fileStatus": 4,
        "downloadUrl": "https://edge.forgecdn.net/files/3047/247/Batty's Coordinates PLUS Mod for Forge-1.16.2-0.3.0.jar",
        "isAlternate": false,
        "alternateFileId": 0,
        "dependencies": [],
        "isAvailable": true,
        "modules": [
          {
            "foldername": "META-INF",
            "fingerprint": 3943784342,
            "type": 0
          },
          {
            "foldername": "battys",
            "fingerprint": 1757404609,
            "type": 0
          },
          {
            "foldername": "assets",
            "fingerprint": 2830081167,
            "type": 0
          },
          {
            "foldername": "batheart_icon.png",
            "fingerprint": 388234594,
            "type": 0
          },
          {
            "foldername": "pack.mcmeta",
            "fingerprint": 1438559181,
            "type": 0
          }
        ],
        "packageFingerprint": 2160884887,
        "gameVersion": [
          "1.16.2"
        ],
        "hasInstallScript": false,
        "isCompatibleWithClient": false,
        "categorySectionPackageType": 0,
        "restrictProjectFileAccess": 0,
        "projectStatus": 0,
        "projectId": 0,
        "gameVersionDateReleased": "2008-03-01T06:00:00Z",
        "gameId": 0,
        "isServerPack": false,
        "FileNameOnDisk": "Batty's Coordinates PLUS Mod for Forge-1.16.2-0.3.0.jar"
      },
      "dateInstalled": "2020-09-07T03:55:05.3759734Z",
      "dateUpdated": "2020-09-07T03:55:05.3799683Z",
      "dateLastUpdateAttempted": "2020-09-07T03:55:05.3799683Z",
      "status": 4,
      "preferenceAutoInstallUpdates": false,
      "preferenceAlternateFile": false,
      "preferenceIsIgnored": false,
      "isModified": false,
      "isWorkingCopy": false,
      "isFuzzyMatch": false,
      "preferenceReleaseType": null,
      "manifestName": null,
      "installedTargets": []
    },
    {
      "addonID": 348521,
      "gameInstanceID": "ff5cc5c6-6b47-4f65-af44-2cdd68a50f42",
      "installedFile": {
        "id": 3032280,
        "displayName": "[Forge 1.16.2] v4.1.0",
        "fileName": "cloth-config-forge-4.1.0.jar",
        "fileDate": "2020-08-14T16:46:26.273Z",
        "fileLength": 398621,
        "releaseType": 1,
        "fileStatus": 4,
        "downloadUrl": "https://edge.forgecdn.net/files/3032/280/cloth-config-forge-4.1.0.jar",
        "isAlternate": false,
        "alternateFileId": 0,
        "dependencies": [],
        "isAvailable": true,
        "modules": [
          {
            "foldername": "META-INF",
            "fingerprint": 1239187904,
            "type": 0
          },
          {
            "foldername": "me",
            "fingerprint": 2931492975,
            "type": 0
          },
          {
            "foldername": "pack.mcmeta",
            "fingerprint": 2256045119,
            "type": 0
          },
          {
            "foldername": "assets",
            "fingerprint": 3652232813,
            "type": 0
          },
          {
            "foldername": "icon.png",
            "fingerprint": 1998369504,
            "type": 0
          },
          {
            "foldername": "fabric.mod.json",
            "fingerprint": 3759757251,
            "type": 0
          },
          {
            "foldername": "LICENSE.md",
            "fingerprint": 589621802,
            "type": 0
          }
        ],
        "packageFingerprint": 3156586243,
        "gameVersion": [
          "Forge",
          "1.16.2"
        ],
        "hasInstallScript": false,
        "isCompatibleWithClient": false,
        "categorySectionPackageType": 0,
        "restrictProjectFileAccess": 0,
        "projectStatus": 0,
        "projectId": 0,
        "gameVersionDateReleased": "2008-03-01T06:00:00Z",
        "gameId": 0,
        "isServerPack": false,
        "FileNameOnDisk": "cloth-config-forge-4.1.0.jar"
      },
      "dateInstalled": "2020-09-07T03:55:28.1689773Z",
      "dateUpdated": "2020-09-07T03:55:28.1759733Z",
      "dateLastUpdateAttempted": "2020-09-07T03:55:28.1759733Z",
      "status": 4,
      "preferenceAutoInstallUpdates": false,
      "preferenceAlternateFile": false,
      "preferenceIsIgnored": false,
      "isModified": false,
      "isWorkingCopy": false,
      "isFuzzyMatch": false,
      "preferenceReleaseType": null,
      "manifestName": null,
      "installedTargets": []
    },
    {
      "addonID": 306612,
      "gameInstanceID": "ff5cc5c6-6b47-4f65-af44-2cdd68a50f42",
      "installedFile": {
        "id": 3049174,
        "displayName": "[1.16.2] Fabric API 0.20.1 build 401",
        "fileName": "fabric-api-0.20.1+build.401-1.16.jar",
        "fileDate": "2020-09-03T23:01:54.237Z",
        "fileLength": 648570,
        "releaseType": 1,
        "fileStatus": 4,
        "downloadUrl": "https://edge.forgecdn.net/files/3049/174/fabric-api-0.20.1+build.401-1.16.jar",
        "isAlternate": false,
        "alternateFileId": 0,
        "dependencies": [],
        "isAvailable": true,
        "modules": [
          {
            "foldername": "assets",
            "fingerprint": 860504683,
            "type": 0
          },
          {
            "foldername": "fabric.mod.json",
            "fingerprint": 1103641257,
            "type": 0
          },
          {
            "foldername": "META-INF",
            "fingerprint": 4260639187,
            "type": 0
          }
        ],
        "packageFingerprint": 587659244,
        "gameVersion": [
          "Fabric",
          "1.16.2"
        ],
        "hasInstallScript": false,
        "isCompatibleWithClient": false,
        "categorySectionPackageType": 0,
        "restrictProjectFileAccess": 0,
        "projectStatus": 0,
        "projectId": 0,
        "gameVersionDateReleased": "2008-03-01T06:00:00Z",
        "gameId": 0,
        "isServerPack": false,
        "FileNameOnDisk": "fabric-api-0.20.1+build.401-1.16.jar"
      },
      "dateInstalled": "2020-09-07T03:55:54.7870258Z",
      "dateUpdated": "2020-09-07T03:55:54.7909843Z",
      "dateLastUpdateAttempted": "2020-09-07T03:55:54.7909843Z",
      "status": 4,
      "preferenceAutoInstallUpdates": false,
      "preferenceAlternateFile": false,
      "preferenceIsIgnored": false,
      "isModified": false,
      "isWorkingCopy": false,
      "isFuzzyMatch": false,
      "preferenceReleaseType": null,
      "manifestName": null,
      "installedTargets": []
    },
    {
      "addonID": 325492,
      "gameInstanceID": "ff5cc5c6-6b47-4f65-af44-2cdd68a50f42",
      "installedFile": {
        "id": 3048973,
        "displayName": "[Forge / Fabric 1.16.2] v5.5.2",
        "fileName": "light-overlay-5.5.2.jar",
        "fileDate": "2020-09-03T17:16:07.78Z",
        "fileLength": 473040,
        "releaseType": 1,
        "fileStatus": 4,
        "downloadUrl": "https://edge.forgecdn.net/files/3048/973/light-overlay-5.5.2.jar",
        "isAlternate": false,
        "alternateFileId": 0,
        "dependencies": [
          {
            "id": 0,
            "addonId": 348521,
            "type": 3,
            "fileId": 0
          },
          {
            "id": 0,
            "addonId": 319057,
            "type": 1,
            "fileId": 0
          },
          {
            "id": 0,
            "addonId": 317121,
            "type": 1,
            "fileId": 0
          }
        ],
        "isAvailable": true,
        "modules": [
          {
            "foldername": "pack.mcmeta",
            "fingerprint": 1728173885,
            "type": 0
          },
          {
            "foldername": "me",
            "fingerprint": 3105000059,
            "type": 0
          },
          {
            "foldername": "light-overlay-refmap.json",
            "fingerprint": 1138069052,
            "type": 0
          },
          {
            "foldername": "assets",
            "fingerprint": 1631138459,
            "type": 0
          },
          {
            "foldername": "icon.png",
            "fingerprint": 1881518080,
            "type": 0
          },
          {
            "foldername": "lightoverlay.mixins.json",
            "fingerprint": 1766701784,
            "type": 0
          },
          {
            "foldername": "fabric.mod.json",
            "fingerprint": 4104472622,
            "type": 0
          },
          {
            "foldername": "META-INF",
            "fingerprint": 594107061,
            "type": 0
          },
          {
            "foldername": "lightoverlay.accesswidener",
            "fingerprint": 1937477286,
            "type": 0
          }
        ],
        "packageFingerprint": 1379937021,
        "gameVersion": [
          "1.16-Snapshot",
          "1.16.2"
        ],
        "hasInstallScript": false,
        "isCompatibleWithClient": false,
        "categorySectionPackageType": 0,
        "restrictProjectFileAccess": 0,
        "projectStatus": 0,
        "projectId": 0,
        "gameVersionDateReleased": "2008-03-01T06:00:00Z",
        "gameId": 0,
        "isServerPack": false,
        "FileNameOnDisk": "light-overlay-5.5.2.jar"
      },
      "dateInstalled": "2020-09-07T03:56:22.4144625Z",
      "dateUpdated": "2020-09-07T03:56:22.4204597Z",
      "dateLastUpdateAttempted": "2020-09-07T03:56:22.4204597Z",
      "status": 4,
      "preferenceAutoInstallUpdates": false,
      "preferenceAlternateFile": false,
      "preferenceIsIgnored": false,
      "isModified": false,
      "isWorkingCopy": false,
      "isFuzzyMatch": false,
      "preferenceReleaseType": null,
      "manifestName": null,
      "installedTargets": []
    },
    {
      "addonID": 283644,
      "gameInstanceID": "ff5cc5c6-6b47-4f65-af44-2cdd68a50f42",
      "installedFile": {
        "id": 3046559,
        "displayName": "Placebo-1.16.2-4.2.0.jar",
        "fileName": "Placebo-1.16.2-4.2.0.jar",
        "fileDate": "2020-08-31T15:59:26.083Z",
        "fileLength": 95537,
        "releaseType": 1,
        "fileStatus": 4,
        "downloadUrl": "https://edge.forgecdn.net/files/3046/559/Placebo-1.16.2-4.2.0.jar",
        "isAlternate": false,
        "alternateFileId": 0,
        "dependencies": [],
        "isAvailable": true,
        "modules": [
          {
            "foldername": "META-INF",
            "fingerprint": 1352138307,
            "type": 0
          },
          {
            "foldername": "shadows",
            "fingerprint": 1787875412,
            "type": 0
          },
          {
            "foldername": "javascript",
            "fingerprint": 3337528070,
            "type": 0
          },
          {
            "foldername": "pack.mcmeta",
            "fingerprint": 3099375411,
            "type": 0
          }
        ],
        "packageFingerprint": 1134846540,
        "gameVersion": [
          "1.16.2"
        ],
        "hasInstallScript": false,
        "isCompatibleWithClient": false,
        "categorySectionPackageType": 0,
        "restrictProjectFileAccess": 0,
        "projectStatus": 0,
        "projectId": 0,
        "gameVersionDateReleased": "2020-08-11T16:42:21.863Z",
        "gameId": 0,
        "isServerPack": false,
        "FileNameOnDisk": "Placebo-1.16.2-4.2.0.jar"
      },
      "dateInstalled": "2020-09-07T03:57:07.0706385Z",
      "dateUpdated": "2020-09-07T03:57:07.0736372Z",
      "dateLastUpdateAttempted": "2020-09-07T03:57:07.0736372Z",
      "status": 4,
      "preferenceAutoInstallUpdates": false,
      "preferenceAlternateFile": false,
      "preferenceIsIgnored": false,
      "isModified": false,
      "isWorkingCopy": false,
      "isFuzzyMatch": false,
      "preferenceReleaseType": null,
      "manifestName": null,
      "installedTargets": []
    },
    {
      "addonID": 357178,
      "gameInstanceID": "ff5cc5c6-6b47-4f65-af44-2cdd68a50f42",
      "installedFile": {
        "id": 2939224,
        "displayName": "MixinBootstrap-1.0.3.jar",
        "fileName": "MixinBootstrap-1.0.3.jar",
        "fileDate": "2020-04-24T11:46:26.267Z",
        "fileLength": 1061758,
        "releaseType": 1,
        "fileStatus": 4,
        "downloadUrl": "https://edge.forgecdn.net/files/2939/224/MixinBootstrap-1.0.3.jar",
        "isAlternate": false,
        "alternateFileId": 0,
        "dependencies": [],
        "isAvailable": true,
        "modules": [
          {
            "foldername": "META-INF",
            "fingerprint": 3224103252,
            "type": 0
          },
          {
            "foldername": "io",
            "fingerprint": 2866411657,
            "type": 0
          },
          {
            "foldername": "LICENSE-MixinBootstrap",
            "fingerprint": 3584814497,
            "type": 0
          },
          {
            "foldername": "LICENSE-classloaderutils",
            "fingerprint": 1065284868,
            "type": 0
          },
          {
            "foldername": "org",
            "fingerprint": 1667467214,
            "type": 0
          },
          {
            "foldername": "LICENSE.txt",
            "fingerprint": 3933732671,
            "type": 0
          }
        ],
        "packageFingerprint": 1852187718,
        "gameVersion": [
          "1.16.1",
          "1.14.4",
          "Forge",
          "1.15.2",
          "1.16.2",
          "1.12.2"
        ],
        "hasInstallScript": false,
        "isCompatibleWithClient": false,
        "categorySectionPackageType": 0,
        "restrictProjectFileAccess": 0,
        "projectStatus": 0,
        "projectId": 0,
        "gameVersionDateReleased": "2008-03-01T06:00:00Z",
        "gameId": 0,
        "isServerPack": false,
        "FileNameOnDisk": "MixinBootstrap-1.0.3.jar"
      },
      "dateInstalled": "2020-09-07T03:56:52.7596038Z",
      "dateUpdated": "2020-09-07T03:56:52.7666Z",
      "dateLastUpdateAttempted": "2020-09-07T03:56:52.7666Z",
      "status": 4,
      "preferenceAutoInstallUpdates": false,
      "preferenceAlternateFile": false,
      "preferenceIsIgnored": false,
      "isModified": false,
      "isWorkingCopy": false,
      "isFuzzyMatch": false,
      "preferenceReleaseType": null,
      "manifestName": null,
      "installedTargets": []
    }
  ],
  "isMigrated": false,
  "preferenceUploadProfile": false
}