{
  "baseModLoader": {
    "id": 4597,
    "gameVersionId": 7968,
    "minecraftGameVersionId": 66,
    "forgeVersion": "32.0.68",
    "name": "forge-32.0.68",
    "type": 1,
    "downloadUrl": "https://modloaders.forgecdn.net/647622546/maven/net/minecraftforge/forge/1.16.1-32.0.68/forge-1.16.1-32.0.68.jar",
    "filename": "forge-1.16.1-32.0.68.jar",
    "installMethod": 3,
    "latest": true,
    "recommended": true,
    "approved": false,
    "dateModified": "2020-07-16T21:58:59Z",
    "mavenVersionString": "net.minecraftforge:forge:1.16.1-32.0.68",
    "versionJson": "{\r\n  \"id\": \"forge-32.0.68\",\r\n  \"time\": \"2020-07-16T21:58:59Z\",\r\n  \"releaseTime\": \"2020-07-16T21:58:59Z\",\r\n  \"type\": \"release\",\r\n  \"minimumLauncherVersion\": 0,\r\n  \"inheritsFrom\": \"1.16.1\",\r\n  \"jar\": \"forge-32.0.68\",\r\n  \"libraries\": [\r\n    {\r\n      \"name\": \"net.minecraftforge:forge:1.16.1-32.0.68\",\r\n      \"downloads\": {\r\n        \"artifact\": {\r\n          \"path\": \"net/minecraftforge/forge/1.16.1-32.0.68/forge-1.16.1-32.0.68.jar\",\r\n          \"url\": \"https://modloaders.forgecdn.net/647622546/maven/net/minecraftforge/forge/1.16.1-32.0.68/forge-1.16.1-32.0.68.jar\",\r\n          \"sha1\": \"9da1f31bb8b8c28286b1302a0a9d3b0f0a3f3397\",\r\n          \"size\": 194553\r\n        }\r\n      }\r\n    },\r\n    {\r\n      \"name\": \"org.ow2.asm:asm:7.2\",\r\n      \"downloads\": {\r\n        \"artifact\": {\r\n          \"path\": \"org/ow2/asm/asm/7.2/asm-7.2.jar\",\r\n          \"url\": \"https://modloaders.forgecdn.net/647622546/maven/org/ow2/asm/asm/7.2/asm-7.2.jar\",\r\n          \"sha1\": \"fa637eb67eb7628c915d73762b681ae7ff0b9731\",\r\n          \"size\": 114873\r\n        }\r\n      }\r\n    },\r\n    {\r\n      \"name\": \"org.ow2.asm:asm-commons:7.2\",\r\n      \"downloads\": {\r\n        \"artifact\": {\r\n          \"path\": \"org/ow2/asm/asm-commons/7.2/asm-commons-7.2.jar\",\r\n          \"url\": \"https://modloaders.forgecdn.net/647622546/maven/org/ow2/asm/asm-commons/7.2/asm-commons-7.2.jar\",\r\n          \"sha1\": \"ca2954e8d92a05bacc28ff465b25c70e0f512497\",\r\n          \"size\": 70051\r\n        }\r\n      }\r\n    },\r\n    {\r\n      \"name\": \"org.ow2.asm:asm-tree:7.2\",\r\n      \"downloads\": {\r\n        \"artifact\": {\r\n          \"path\": \"org/ow2/asm/asm-tree/7.2/asm-tree-7.2.jar\",\r\n          \"url\": \"https://modloaders.forgecdn.net/647622546/maven/org/ow2/asm/asm-tree/7.2/asm-tree-7.2.jar\",\r\n          \"sha1\": \"3a23cc36edaf8fc5a89cb100182758ccb5991487\",\r\n          \"size\": 50283\r\n        }\r\n      }\r\n    },\r\n    {\r\n      \"name\": \"cpw.mods:modlauncher:5.1.0\",\r\n      \"downloads\": {\r\n        \"artifact\": {\r\n          \"path\": \"cpw/mods/modlauncher/5.1.0/modlauncher-5.1.0.jar\",\r\n          \"url\": \"https://modloaders.forgecdn.net/647622546/maven/cpw/mods/modlauncher/5.1.0/modlauncher-5.1.0.jar\",\r\n          \"sha1\": \"b9caea28c3fd15fd2c971cb41c44855767f7dbc8\",\r\n          \"size\": 115795\r\n        }\r\n      }\r\n    },\r\n    {\r\n      \"name\": \"cpw.mods:grossjava9hacks:1.3.0\",\r\n      \"downloads\": {\r\n        \"artifact\": {\r\n          \"path\": \"cpw/mods/grossjava9hacks/1.3.0/grossjava9hacks-1.3.0.jar\",\r\n          \"url\": \"https://modloaders.forgecdn.net/647622546/maven/cpw/mods/grossjava9hacks/1.3.0/grossjava9hacks-1.3.0.jar\",\r\n          \"sha1\": \"1a922de964d0c19d864fbcba2678c1a1c4602c35\",\r\n          \"size\": 1921\r\n        }\r\n      }\r\n    },\r\n    {\r\n      \"name\": \"net.minecraftforge:accesstransformers:2.1.3-shadowed\",\r\n      \"downloads\": {\r\n        \"artifact\": {\r\n          \"path\": \"net/minecraftforge/accesstransformers/2.1.3-shadowed/accesstransformers-2.1.3-shadowed.jar\",\r\n          \"url\": \"https://modloaders.forgecdn.net/647622546/maven/net/minecraftforge/accesstransformers/2.1.3-shadowed/accesstransformers-2.1.3-shadowed.jar\",\r\n          \"sha1\": \"addc10ee659e011004852c6cf1d036180f67a169\",\r\n          \"size\": 444938\r\n        }\r\n      }\r\n    },\r\n    {\r\n      \"name\": \"net.minecraftforge:eventbus:2.2.0-service\",\r\n      \"downloads\": {\r\n        \"artifact\": {\r\n          \"path\": \"net/minecraftforge/eventbus/2.2.0-service/eventbus-2.2.0-service.jar\",\r\n          \"url\": \"https://modloaders.forgecdn.net/647622546/maven/net/minecraftforge/eventbus/2.2.0-service/eventbus-2.2.0-service.jar\",\r\n          \"sha1\": \"e663ad1f795b81da8a132c8fde40580b05c2343d\",\r\n          \"size\": 39776\r\n        }\r\n      }\r\n    },\r\n    {\r\n      \"name\": \"net.minecraftforge:forgespi:3.0.0\",\r\n      \"downloads\": {\r\n        \"artifact\": {\r\n          \"path\": \"net/minecraftforge/forgespi/3.0.0/forgespi-3.0.0.jar\",\r\n          \"url\": \"https://modloaders.forgecdn.net/647622546/maven/net/minecraftforge/forgespi/3.0.0/forgespi-3.0.0.jar\",\r\n          \"sha1\": \"f950d208c9fa7a1d7700d8a222bd08d4baf90600\",\r\n          \"size\": 19925\r\n        }\r\n      }\r\n    },\r\n    {\r\n      \"name\": \"net.minecraftforge:coremods:2.0.3\",\r\n      \"downloads\": {\r\n        \"artifact\": {\r\n          \"path\": \"net/minecraftforge/coremods/2.0.3/coremods-2.0.3.jar\",\r\n          \"url\": \"https://modloaders.forgecdn.net/647622546/maven/net/minecraftforge/coremods/2.0.3/coremods-2.0.3.jar\",\r\n          \"sha1\": \"9e3f5323f6a2c3ac04fa27481cbeeb48f89757bd\",\r\n          \"size\": 21802\r\n        }\r\n      }\r\n    },\r\n    {\r\n      \"name\": \"net.minecraftforge:unsafe:0.2.0\",\r\n      \"downloads\": {\r\n        \"artifact\": {\r\n          \"path\": \"net/minecraftforge/unsafe/0.2.0/unsafe-0.2.0.jar\",\r\n          \"url\": \"https://modloaders.forgecdn.net/647622546/maven/net/minecraftforge/unsafe/0.2.0/unsafe-0.2.0.jar\",\r\n          \"sha1\": \"54d7a0a5e8fdb71b973025caa46f341ae5904f39\",\r\n          \"size\": 2834\r\n        }\r\n      }\r\n    },\r\n    {\r\n      \"name\": \"com.electronwill.night-config:core:3.6.2\",\r\n      \"downloads\": {\r\n        \"artifact\": {\r\n          \"path\": \"com/electronwill/night-config/core/3.6.2/core-3.6.2.jar\",\r\n          \"url\": \"https://modloaders.forgecdn.net/647622546/maven/com/electronwill/night-config/core/3.6.2/core-3.6.2.jar\",\r\n          \"sha1\": \"56f6500038861d4a8832072676da7bf7916217d0\",\r\n          \"size\": 199091\r\n        }\r\n      }\r\n    },\r\n    {\r\n      \"name\": \"com.electronwill.night-config:toml:3.6.2\",\r\n      \"downloads\": {\r\n        \"artifact\": {\r\n          \"path\": \"com/electronwill/night-config/toml/3.6.2/toml-3.6.2.jar\",\r\n          \"url\": \"https://modloaders.forgecdn.net/647622546/maven/com/electronwill/night-config/toml/3.6.2/toml-3.6.2.jar\",\r\n          \"sha1\": \"3ac4263d06433da39a5eee95e2679f1642d921f0\",\r\n          \"size\": 31152\r\n        }\r\n      }\r\n    },\r\n    {\r\n      \"name\": \"org.jline:jline:3.12.1\",\r\n      \"downloads\": {\r\n        \"artifact\": {\r\n          \"path\": \"org/jline/jline/3.12.1/jline-3.12.1.jar\",\r\n          \"url\": \"https://modloaders.forgecdn.net/647622546/maven/org/jline/jline/3.12.1/jline-3.12.1.jar\",\r\n          \"sha1\": \"de2bd909cb9f8eaa741bd03df4a1bd3f6eb593c7\",\r\n          \"size\": 732926\r\n        }\r\n      }\r\n    },\r\n    {\r\n      \"name\": \"org.apache.maven:maven-artifact:3.6.0\",\r\n      \"downloads\": {\r\n        \"artifact\": {\r\n          \"path\": \"org/apache/maven/maven-artifact/3.6.0/maven-artifact-3.6.0.jar\",\r\n          \"url\": \"https://modloaders.forgecdn.net/647622546/maven/org/apache/maven/maven-artifact/3.6.0/maven-artifact-3.6.0.jar\",\r\n          \"sha1\": \"d4c0da647de59c9ccc304a112fe1f1474d49e8eb\",\r\n          \"size\": 55051\r\n        }\r\n      }\r\n    },\r\n    {\r\n      \"name\": \"net.jodah:typetools:0.8.1\",\r\n      \"downloads\": {\r\n        \"artifact\": {\r\n          \"path\": \"net/jodah/typetools/0.8.1/typetools-0.8.1.jar\",\r\n          \"url\": \"https://modloaders.forgecdn.net/647622546/maven/net/jodah/typetools/0.8.1/typetools-0.8.1.jar\",\r\n          \"sha1\": \"d12de898d333cb7eb0e39a35db03c1e09d92d595\",\r\n          \"size\": 15367\r\n        }\r\n      }\r\n    },\r\n    {\r\n      \"name\": \"org.apache.logging.log4j:log4j-api:2.11.2\",\r\n      \"downloads\": {\r\n        \"artifact\": {\r\n          \"path\": \"org/apache/logging/log4j/log4j-api/2.11.2/log4j-api-2.11.2.jar\",\r\n          \"url\": \"https://modloaders.forgecdn.net/647622546/maven/org/apache/logging/log4j/log4j-api/2.11.2/log4j-api-2.11.2.jar\",\r\n          \"sha1\": \"f5e9a2ffca496057d6891a3de65128efc636e26e\",\r\n          \"size\": 266283\r\n        }\r\n      }\r\n    },\r\n    {\r\n      \"name\": \"org.apache.logging.log4j:log4j-core:2.11.2\",\r\n      \"downloads\": {\r\n        \"artifact\": {\r\n          \"path\": \"org/apache/logging/log4j/log4j-core/2.11.2/log4j-core-2.11.2.jar\",\r\n          \"url\": \"https://modloaders.forgecdn.net/647622546/maven/org/apache/logging/log4j/log4j-core/2.11.2/log4j-core-2.11.2.jar\",\r\n          \"sha1\": \"6c2fb3f5b7cd27504726aef1b674b542a0c9cf53\",\r\n          \"size\": 1629585\r\n        }\r\n      }\r\n    },\r\n    {\r\n      \"name\": \"net.minecrell:terminalconsoleappender:1.2.0\",\r\n      \"downloads\": {\r\n        \"artifact\": {\r\n          \"path\": \"net/minecrell/terminalconsoleappender/1.2.0/terminalconsoleappender-1.2.0.jar\",\r\n          \"url\": \"https://modloaders.forgecdn.net/647622546/maven/net/minecrell/terminalconsoleappender/1.2.0/terminalconsoleappender-1.2.0.jar\",\r\n          \"sha1\": \"96d02cd3b384ff015a8fef4223bcb4ccf1717c95\",\r\n          \"size\": 15977\r\n        }\r\n      }\r\n    },\r\n    {\r\n      \"name\": \"net.sf.jopt-simple:jopt-simple:5.0.4\",\r\n      \"downloads\": {\r\n        \"artifact\": {\r\n          \"path\": \"net/sf/jopt-simple/jopt-simple/5.0.4/jopt-simple-5.0.4.jar\",\r\n          \"url\": \"https://modloaders.forgecdn.net/647622546/maven/net/sf/jopt-simple/jopt-simple/5.0.4/jopt-simple-5.0.4.jar\",\r\n          \"sha1\": \"4fdac2fbe92dfad86aa6e9301736f6b4342a3f5c\",\r\n          \"size\": 78146\r\n        }\r\n      }\r\n    }\r\n  ],\r\n  \"mainClass\": \"cpw.mods.modlauncher.Launcher\",\r\n  \"arguments\": {\r\n    \"game\": [\r\n      \"--launchTarget\",\r\n      \"fmlclient\",\r\n      \"--fml.forgeVersion\",\r\n      \"32.0.68\",\r\n      \"--fml.mcVersion\",\r\n      \"1.16.1\",\r\n      \"--fml.forgeGroup\",\r\n      \"net.minecraftforge\",\r\n      \"--fml.mcpVersion\",\r\n      \"20200625.160719\"\r\n    ]\r\n  }\r\n}",
    "librariesInstallLocation": "{0}\\libraries\\net\\minecraftforge\\forge\\1.16.1-32.0.68",
    "minecraftVersion": "1.16.1",
    "modLoaderGameVersionId": 7968,
    "modLoaderGameVersionTypeId": 3,
    "modLoaderGameVersionStatus": 1,
    "modLoaderGameVersionTypeStatus": 1,
    "mcGameVersionId": 7892,
    "mcGameVersionTypeId": 70886,
    "mcGameVersionStatus": 1,
    "mcGameVersionTypeStatus": 1,
    "installProfileJson": "{\r\n  \"_comment_\": [\r\n    \"Please do not automate the download and installation of Forge.\",\r\n    \"Our efforts are supported by ads from the download page.\",\r\n    \"If you MUST automate this, please consider supporting the project through https://www.patreon.com/LexManos/\"\r\n  ],\r\n  \"profile\": \"forge\",\r\n  \"version\": \"1.16.1-forge-32.0.68\",\r\n  \"json\": \"/version.json\",\r\n  \"path\": \"net.minecraftforge:forge:1.16.1-32.0.68\",\r\n  \"logo\": \"/big_logo.png\",\r\n  \"minecraft\": \"1.16.1\",\r\n  \"welcome\": \"Welcome to the simple Forge installer.\",\r\n  \"data\": {\r\n    \"MAPPINGS\": {\r\n      \"client\": \"[de.oceanlabs.mcp:mcp_config:1.16.1-20200625.160719:mappings@txt]\",\r\n      \"server\": \"[de.oceanlabs.mcp:mcp_config:1.16.1-20200625.160719:mappings@txt]\"\r\n    },\r\n    \"BINPATCH\": {\r\n      \"client\": \"/data/client.lzma\",\r\n      \"server\": \"/data/server.lzma\"\r\n    },\r\n    \"MC_SLIM\": {\r\n      \"client\": \"[net.minecraft:client:1.16.1-20200625.160719:slim]\",\r\n      \"server\": \"[net.minecraft:server:1.16.1-20200625.160719:slim]\"\r\n    },\r\n    \"MC_SLIM_SHA\": {\r\n      \"client\": \"'45c55842118b13027e5d5dd356dbe7416627e613'\",\r\n      \"server\": \"'3f1b64c684df16a25e6c44079b06ac12131db572'\"\r\n    },\r\n    \"MC_EXTRA\": {\r\n      \"client\": \"[net.minecraft:client:1.16.1-20200625.160719:extra]\",\r\n      \"server\": \"[net.minecraft:server:1.16.1-20200625.160719:extra]\"\r\n    },\r\n    \"MC_EXTRA_SHA\": {\r\n      \"client\": \"'39dea0232fd046c5ff8b24c9fce119994d80db14'\",\r\n      \"server\": \"'501b61ed1857f6452fe36a5faaf1265d38999c6f'\"\r\n    },\r\n    \"MC_SRG\": {\r\n      \"client\": \"[net.minecraft:client:1.16.1-20200625.160719:srg]\",\r\n      \"server\": \"[net.minecraft:server:1.16.1-20200625.160719:srg]\"\r\n    },\r\n    \"PATCHED\": {\r\n      \"client\": \"[net.minecraftforge:forge:1.16.1-32.0.68:client]\",\r\n      \"server\": \"[net.minecraftforge:forge:1.16.1-32.0.68:server]\"\r\n    },\r\n    \"PATCHED_SHA\": {\r\n      \"client\": \"'8e58bac72477e81946e67f42c7e55a6a1121ee81'\",\r\n      \"server\": \"'c8cc7989499f074141b3859efc97b1dc65d8b219'\"\r\n    },\r\n    \"MCP_VERSION\": {\r\n      \"client\": \"'20200625.160719'\",\r\n      \"server\": \"'20200625.160719'\"\r\n    }\r\n  },\r\n  \"processors\": [\r\n    {\r\n      \"jar\": \"net.minecraftforge:installertools:1.1.11\",\r\n      \"classpath\": [\r\n        \"net.md-5:SpecialSource:1.8.5\",\r\n        \"net.sf.jopt-simple:jopt-simple:5.0.4\",\r\n        \"com.google.code.gson:gson:2.8.0\",\r\n        \"de.siegmar:fastcsv:1.0.2\",\r\n        \"org.ow2.asm:asm-commons:6.1.1\",\r\n        \"com.google.guava:guava:20.0\",\r\n        \"net.sf.opencsv:opencsv:2.3\",\r\n        \"org.ow2.asm:asm-analysis:6.1.1\",\r\n        \"org.ow2.asm:asm-tree:6.1.1\",\r\n        \"org.ow2.asm:asm:6.1.1\"\r\n      ],\r\n      \"args\": [\r\n        \"--task\",\r\n        \"MCP_DATA\",\r\n        \"--input\",\r\n        \"[de.oceanlabs.mcp:mcp_config:1.16.1-20200625.160719@zip]\",\r\n        \"--output\",\r\n        \"{MAPPINGS}\",\r\n        \"--key\",\r\n        \"mappings\"\r\n      ]\r\n    },\r\n    {\r\n      \"jar\": \"net.minecraftforge:jarsplitter:1.1.2\",\r\n      \"classpath\": [\r\n        \"net.sf.jopt-simple:jopt-simple:5.0.4\"\r\n      ],\r\n      \"args\": [\r\n        \"--input\",\r\n        \"{MINECRAFT_JAR}\",\r\n        \"--slim\",\r\n        \"{MC_SLIM}\",\r\n        \"--extra\",\r\n        \"{MC_EXTRA}\",\r\n        \"--srg\",\r\n        \"{MAPPINGS}\"\r\n      ]\r\n    },\r\n    {\r\n      \"jar\": \"net.md-5:SpecialSource:1.8.5\",\r\n      \"classpath\": [\r\n        \"org.ow2.asm:asm-commons:6.1.1\",\r\n        \"net.sf.jopt-simple:jopt-simple:4.9\",\r\n        \"com.google.guava:guava:20.0\",\r\n        \"net.sf.opencsv:opencsv:2.3\",\r\n        \"org.ow2.asm:asm-analysis:6.1.1\",\r\n        \"org.ow2.asm:asm-tree:6.1.1\",\r\n        \"org.ow2.asm:asm:6.1.1\"\r\n      ],\r\n      \"args\": [\r\n        \"--in-jar\",\r\n        \"{MC_SLIM}\",\r\n        \"--out-jar\",\r\n        \"{MC_SRG}\",\r\n        \"--srg-in\",\r\n        \"{MAPPINGS}\"\r\n      ]\r\n    },\r\n    {\r\n      \"jar\": \"net.minecraftforge:binarypatcher:1.0.12\",\r\n      \"classpath\": [\r\n        \"commons-io:commons-io:2.4\",\r\n        \"com.google.guava:guava:25.1-jre\",\r\n        \"net.sf.jopt-simple:jopt-simple:5.0.4\",\r\n        \"com.github.jponge:lzma-java:1.3\",\r\n        \"com.nothome:javaxdelta:2.0.1\",\r\n        \"com.google.code.findbugs:jsr305:3.0.2\",\r\n        \"org.checkerframework:checker-qual:2.0.0\",\r\n        \"com.google.errorprone:error_prone_annotations:2.1.3\",\r\n        \"com.google.j2objc:j2objc-annotations:1.1\",\r\n        \"org.codehaus.mojo:animal-sniffer-annotations:1.14\",\r\n        \"trove:trove:1.0.2\"\r\n      ],\r\n      \"args\": [\r\n        \"--clean\",\r\n        \"{MC_SRG}\",\r\n        \"--output\",\r\n        \"{PATCHED}\",\r\n        \"--apply\",\r\n        \"{BINPATCH}\"\r\n      ]\r\n    }\r\n  ],\r\n  \"libraries\": [\r\n    {\r\n      \"name\": \"com.github.jponge:lzma-java:1.3\",\r\n      \"downloads\": {\r\n        \"artifact\": {\r\n          \"path\": \"com/github/jponge/lzma-java/1.3/lzma-java-1.3.jar\",\r\n          \"url\": \"https://modloaders.forgecdn.net/647622546/maven/com/github/jponge/lzma-java/1.3/lzma-java-1.3.jar\",\r\n          \"sha1\": \"a25db9d4d385ccda4825ae1b47a7a61d86e595af\",\r\n          \"size\": 51041\r\n        }\r\n      }\r\n    },\r\n    {\r\n      \"name\": \"com.google.code.findbugs:jsr305:3.0.2\",\r\n      \"downloads\": {\r\n        \"artifact\": {\r\n          \"path\": \"com/google/code/findbugs/jsr305/3.0.2/jsr305-3.0.2.jar\",\r\n          \"url\": \"https://modloaders.forgecdn.net/647622546/maven/com/google/code/findbugs/jsr305/3.0.2/jsr305-3.0.2.jar\",\r\n          \"sha1\": \"25ea2e8b0c338a877313bd4672d3fe056ea78f0d\",\r\n          \"size\": 19936\r\n        }\r\n      }\r\n    },\r\n    {\r\n      \"name\": \"com.google.code.gson:gson:2.8.0\",\r\n      \"downloads\": {\r\n        \"artifact\": {\r\n          \"path\": \"com/google/code/gson/gson/2.8.0/gson-2.8.0.jar\",\r\n          \"url\": \"https://modloaders.forgecdn.net/647622546/maven/com/google/code/gson/gson/2.8.0/gson-2.8.0.jar\",\r\n          \"sha1\": \"c4ba5371a29ac9b2ad6129b1d39ea38750043eff\",\r\n          \"size\": 231952\r\n        }\r\n      }\r\n    },\r\n    {\r\n      \"name\": \"com.google.errorprone:error_prone_annotations:2.1.3\",\r\n      \"downloads\": {\r\n        \"artifact\": {\r\n          \"path\": \"com/google/errorprone/error_prone_annotations/2.1.3/error_prone_annotations-2.1.3.jar\",\r\n          \"url\": \"https://modloaders.forgecdn.net/647622546/maven/com/google/errorprone/error_prone_annotations/2.1.3/error_prone_annotations-2.1.3.jar\",\r\n          \"sha1\": \"39b109f2cd352b2d71b52a3b5a1a9850e1dc304b\",\r\n          \"size\": 13704\r\n        }\r\n      }\r\n    },\r\n    {\r\n      \"name\": \"com.google.guava:guava:20.0\",\r\n      \"downloads\": {\r\n        \"artifact\": {\r\n          \"path\": \"com/google/guava/guava/20.0/guava-20.0.jar\",\r\n          \"url\": \"https://modloaders.forgecdn.net/647622546/maven/com/google/guava/guava/20.0/guava-20.0.jar\",\r\n          \"sha1\": \"89507701249388e1ed5ddcf8c41f4ce1be7831ef\",\r\n          \"size\": 2442625\r\n        }\r\n      }\r\n    },\r\n    {\r\n      \"name\": \"com.google.guava:guava:25.1-jre\",\r\n      \"downloads\": {\r\n        \"artifact\": {\r\n          \"path\": \"com/google/guava/guava/25.1-jre/guava-25.1-jre.jar\",\r\n          \"url\": \"https://modloaders.forgecdn.net/647622546/maven/com/google/guava/guava/25.1-jre/guava-25.1-jre.jar\",\r\n          \"sha1\": \"6c57e4b22b44e89e548b5c9f70f0c45fe10fb0b4\",\r\n          \"size\": 2734339\r\n        }\r\n      }\r\n    },\r\n    {\r\n      \"name\": \"com.google.j2objc:j2objc-annotations:1.1\",\r\n      \"downloads\": {\r\n        \"artifact\": {\r\n          \"path\": \"com/google/j2objc/j2objc-annotations/1.1/j2objc-annotations-1.1.jar\",\r\n          \"url\": \"https://modloaders.forgecdn.net/647622546/maven/com/google/j2objc/j2objc-annotations/1.1/j2objc-annotations-1.1.jar\",\r\n          \"sha1\": \"ed28ded51a8b1c6b112568def5f4b455e6809019\",\r\n          \"size\": 8782\r\n        }\r\n      }\r\n    },\r\n    {\r\n      \"name\": \"com.nothome:javaxdelta:2.0.1\",\r\n      \"downloads\": {\r\n        \"artifact\": {\r\n          \"path\": \"com/nothome/javaxdelta/2.0.1/javaxdelta-2.0.1.jar\",\r\n          \"url\": \"https://modloaders.forgecdn.net/647622546/maven/com/nothome/javaxdelta/2.0.1/javaxdelta-2.0.1.jar\",\r\n          \"sha1\": \"d4f5d077f1b15c6f67595015d69572303ad3f66d\",\r\n          \"size\": 38995\r\n        }\r\n      }\r\n    },\r\n    {\r\n      \"name\": \"commons-io:commons-io:2.4\",\r\n      \"downloads\": {\r\n        \"artifact\": {\r\n          \"path\": \"commons-io/commons-io/2.4/commons-io-2.4.jar\",\r\n          \"url\": \"https://modloaders.forgecdn.net/647622546/maven/commons-io/commons-io/2.4/commons-io-2.4.jar\",\r\n          \"sha1\": \"b1b6ea3b7e4aa4f492509a4952029cd8e48019ad\",\r\n          \"size\": 185140\r\n        }\r\n      }\r\n    },\r\n    {\r\n      \"name\": \"de.oceanlabs.mcp:mcp_config:1.16.1-20200625.160719@zip\",\r\n      \"downloads\": {\r\n        \"artifact\": {\r\n          \"path\": \"de/oceanlabs/mcp/mcp_config/1.16.1-20200625.160719/mcp_config-1.16.1-20200625.160719.zip\",\r\n          \"url\": \"https://modloaders.forgecdn.net/647622546/maven/de/oceanlabs/mcp/mcp_config/1.16.1-20200625.160719/mcp_config-1.16.1-20200625.160719.zip\",\r\n          \"sha1\": \"1b690668f83fb7f840017deccbe62e4ca82a7c0c\",\r\n          \"size\": 754061\r\n        }\r\n      }\r\n    },\r\n    {\r\n      \"name\": \"de.siegmar:fastcsv:1.0.2\",\r\n      \"downloads\": {\r\n        \"artifact\": {\r\n          \"path\": \"de/siegmar/fastcsv/1.0.2/fastcsv-1.0.2.jar\",\r\n          \"url\": \"https://modloaders.forgecdn.net/647622546/maven/de/siegmar/fastcsv/1.0.2/fastcsv-1.0.2.jar\",\r\n          \"sha1\": \"28df8e24cf973f7620816051fbd4b0ab8adde36e\",\r\n          \"size\": 16133\r\n        }\r\n      }\r\n    },\r\n    {\r\n      \"name\": \"net.md-5:SpecialSource:1.8.5\",\r\n      \"downloads\": {\r\n        \"artifact\": {\r\n          \"path\": \"net/md-5/SpecialSource/1.8.5/SpecialSource-1.8.5.jar\",\r\n          \"url\": \"https://modloaders.forgecdn.net/647622546/maven/net/md-5/SpecialSource/1.8.5/SpecialSource-1.8.5.jar\",\r\n          \"sha1\": \"c670c493c436a885c872fa4810bc698628b95922\",\r\n          \"size\": 81179\r\n        }\r\n      }\r\n    },\r\n    {\r\n      \"name\": \"net.minecraftforge:binarypatcher:1.0.12\",\r\n      \"downloads\": {\r\n        \"artifact\": {\r\n          \"path\": \"net/minecraftforge/binarypatcher/1.0.12/binarypatcher-1.0.12.jar\",\r\n          \"url\": \"https://modloaders.forgecdn.net/647622546/maven/net/minecraftforge/binarypatcher/1.0.12/binarypatcher-1.0.12.jar\",\r\n          \"sha1\": \"971ea098f83ef2e1b96c1b7849465bb79fd05838\",\r\n          \"size\": 16491\r\n        }\r\n      }\r\n    },\r\n    {\r\n      \"name\": \"net.minecraftforge:forge:1.16.1-32.0.68:universal\",\r\n      \"downloads\": {\r\n        \"artifact\": {\r\n          \"path\": \"net/minecraftforge/forge/1.16.1-32.0.68/forge-1.16.1-32.0.68-universal.jar\",\r\n          \"url\": \"\",\r\n          \"sha1\": \"5dae5b76405258f2c305ed1c2b4c2f5faee22a91\",\r\n          \"size\": 2214799\r\n        }\r\n      }\r\n    },\r\n    {\r\n      \"name\": \"net.minecraftforge:installertools:1.1.11\",\r\n      \"downloads\": {\r\n        \"artifact\": {\r\n          \"path\": \"net/minecraftforge/installertools/1.1.11/installertools-1.1.11.jar\",\r\n          \"url\": \"https://modloaders.forgecdn.net/647622546/maven/net/minecraftforge/installertools/1.1.11/installertools-1.1.11.jar\",\r\n          \"sha1\": \"dc21c749fc4b05fbd8e8d63bee3955b38239da38\",\r\n          \"size\": 54303\r\n        }\r\n      }\r\n    },\r\n    {\r\n      \"name\": \"net.minecraftforge:jarsplitter:1.1.2\",\r\n      \"downloads\": {\r\n        \"artifact\": {\r\n          \"path\": \"net/minecraftforge/jarsplitter/1.1.2/jarsplitter-1.1.2.jar\",\r\n          \"url\": \"https://modloaders.forgecdn.net/647622546/maven/net/minecraftforge/jarsplitter/1.1.2/jarsplitter-1.1.2.jar\",\r\n          \"sha1\": \"7d6c2c293883c220e7622087849b26a35b3318e5\",\r\n          \"size\": 7981\r\n        }\r\n      }\r\n    },\r\n    {\r\n      \"name\": \"net.sf.jopt-simple:jopt-simple:4.9\",\r\n      \"downloads\": {\r\n        \"artifact\": {\r\n          \"path\": \"net/sf/jopt-simple/jopt-simple/4.9/jopt-simple-4.9.jar\",\r\n          \"url\": \"https://modloaders.forgecdn.net/647622546/maven/net/sf/jopt-simple/jopt-simple/4.9/jopt-simple-4.9.jar\",\r\n          \"sha1\": \"ee9e9eaa0a35360dcfeac129ff4923215fd65904\",\r\n          \"size\": 66469\r\n        }\r\n      }\r\n    },\r\n    {\r\n      \"name\": \"net.sf.jopt-simple:jopt-simple:5.0.4\",\r\n      \"downloads\": {\r\n        \"artifact\": {\r\n          \"path\": \"net/sf/jopt-simple/jopt-simple/5.0.4/jopt-simple-5.0.4.jar\",\r\n          \"url\": \"https://modloaders.forgecdn.net/647622546/maven/net/sf/jopt-simple/jopt-simple/5.0.4/jopt-simple-5.0.4.jar\",\r\n          \"sha1\": \"4fdac2fbe92dfad86aa6e9301736f6b4342a3f5c\",\r\n          \"size\": 78146\r\n        }\r\n      }\r\n    },\r\n    {\r\n      \"name\": \"net.sf.opencsv:opencsv:2.3\",\r\n      \"downloads\": {\r\n        \"artifact\": {\r\n          \"path\": \"net/sf/opencsv/opencsv/2.3/opencsv-2.3.jar\",\r\n          \"url\": \"https://modloaders.forgecdn.net/647622546/maven/net/sf/opencsv/opencsv/2.3/opencsv-2.3.jar\",\r\n          \"sha1\": \"c23708cdb9e80a144db433e23344a788a1fd6599\",\r\n          \"size\": 19827\r\n        }\r\n      }\r\n    },\r\n    {\r\n      \"name\": \"org.checkerframework:checker-qual:2.0.0\",\r\n      \"downloads\": {\r\n        \"artifact\": {\r\n          \"path\": \"org/checkerframework/checker-qual/2.0.0/checker-qual-2.0.0.jar\",\r\n          \"url\": \"https://modloaders.forgecdn.net/647622546/maven/org/checkerframework/checker-qual/2.0.0/checker-qual-2.0.0.jar\",\r\n          \"sha1\": \"518929596ee3249127502a8573b2e008e2d51ed3\",\r\n          \"size\": 343222\r\n        }\r\n      }\r\n    },\r\n    {\r\n      \"name\": \"org.codehaus.mojo:animal-sniffer-annotations:1.14\",\r\n      \"downloads\": {\r\n        \"artifact\": {\r\n          \"path\": \"org/codehaus/mojo/animal-sniffer-annotations/1.14/animal-sniffer-annotations-1.14.jar\",\r\n          \"url\": \"https://modloaders.forgecdn.net/647622546/maven/org/codehaus/mojo/animal-sniffer-annotations/1.14/animal-sniffer-annotations-1.14.jar\",\r\n          \"sha1\": \"775b7e22fb10026eed3f86e8dc556dfafe35f2d5\",\r\n          \"size\": 3482\r\n        }\r\n      }\r\n    },\r\n    {\r\n      \"name\": \"org.ow2.asm:asm-analysis:6.1.1\",\r\n      \"downloads\": {\r\n        \"artifact\": {\r\n          \"path\": \"org/ow2/asm/asm-analysis/6.1.1/asm-analysis-6.1.1.jar\",\r\n          \"url\": \"https://modloaders.forgecdn.net/647622546/maven/org/ow2/asm/asm-analysis/6.1.1/asm-analysis-6.1.1.jar\",\r\n          \"sha1\": \"376d85732456ec4d2c4bc020ee152061c61f00b5\",\r\n          \"size\": 31979\r\n        }\r\n      }\r\n    },\r\n    {\r\n      \"name\": \"org.ow2.asm:asm-commons:6.1.1\",\r\n      \"downloads\": {\r\n        \"artifact\": {\r\n          \"path\": \"org/ow2/asm/asm-commons/6.1.1/asm-commons-6.1.1.jar\",\r\n          \"url\": \"https://modloaders.forgecdn.net/647622546/maven/org/ow2/asm/asm-commons/6.1.1/asm-commons-6.1.1.jar\",\r\n          \"sha1\": \"70a7deee986e66c015cea1c9978f9654cc667020\",\r\n          \"size\": 77745\r\n        }\r\n      }\r\n    },\r\n    {\r\n      \"name\": \"org.ow2.asm:asm-tree:6.1.1\",\r\n      \"downloads\": {\r\n        \"artifact\": {\r\n          \"path\": \"org/ow2/asm/asm-tree/6.1.1/asm-tree-6.1.1.jar\",\r\n          \"url\": \"https://modloaders.forgecdn.net/647622546/maven/org/ow2/asm/asm-tree/6.1.1/asm-tree-6.1.1.jar\",\r\n          \"sha1\": \"19fdc358e7bd3986b9867de508ce6cefa693dda6\",\r\n          \"size\": 50050\r\n        }\r\n      }\r\n    },\r\n    {\r\n      \"name\": \"org.ow2.asm:asm:6.1.1\",\r\n      \"downloads\": {\r\n        \"artifact\": {\r\n          \"path\": \"org/ow2/asm/asm/6.1.1/asm-6.1.1.jar\",\r\n          \"url\": \"https://modloaders.forgecdn.net/647622546/maven/org/ow2/asm/asm/6.1.1/asm-6.1.1.jar\",\r\n          \"sha1\": \"264754515362d92acd39e8d40395f6b8dee7bc08\",\r\n          \"size\": 108252\r\n        }\r\n      }\r\n    },\r\n    {\r\n      \"name\": \"trove:trove:1.0.2\",\r\n      \"downloads\": {\r\n        \"artifact\": {\r\n          \"path\": \"trove/trove/1.0.2/trove-1.0.2.jar\",\r\n          \"url\": \"https://modloaders.forgecdn.net/647622546/maven/trove/trove/1.0.2/trove-1.0.2.jar\",\r\n          \"sha1\": \"112b40581ab9a4d3de4636d49985a7f686d181c8\",\r\n          \"size\": 361155\r\n        }\r\n      }\r\n    },\r\n    {\r\n      \"name\": \"net.minecraftforge:forge:1.16.1-32.0.68:universal\",\r\n      \"downloads\": {\r\n        \"artifact\": {\r\n          \"path\": \"net/minecraftforge/forge/1.16.1-32.0.68/forge-1.16.1-32.0.68-universal.jar\",\r\n          \"url\": \"https://modloaders.forgecdn.net/647622546/maven/net/minecraftforge/forge/1.16.1-32.0.68/forge-1.16.1-32.0.68-universal.jar\",\r\n          \"size\": 0\r\n        }\r\n      }\r\n    },\r\n    {\r\n      \"name\": \"net.minecraftforge:forge:1.16.1-32.0.68:clientdata@lzma\",\r\n      \"downloads\": {\r\n        \"artifact\": {\r\n          \"path\": \"net/minecraftforge/forge/1.16.1-32.0.68/forge-1.16.1-32.0.68-clientdata.lzma\",\r\n          \"url\": \"https://modloaders.forgecdn.net/647622546/maven/net/minecraftforge/forge/1.16.1-32.0.68/forge-1.16.1-32.0.68-clientdata.lzma\",\r\n          \"size\": 0\r\n        }\r\n      }\r\n    }\r\n  ]\r\n}"
  },
  "isUnlocked": true,
  "javaArgsOverride": null,
  "javaDirOverride": null,
  "lastPlayed": "2020-08-03T18:44:37.1657388Z",
  "manifest": null,
  "fileDate": "0001-01-01T00:00:00",
  "installedModpack": null,
  "projectID": 0,
  "fileID": 0,
  "customAuthor": "G01DEYE",
  "modpackOverrides": null,
  "isMemoryOverride": false,
  "allocatedMemory": 9984,
  "guid": "fb5afb55-c65e-4e27-bdb6-cfaf82fd8d68",
  "gameTypeID": 432,
  "installPath": "C:\\Users\\jackp\\OneDrive\\Documents\\Curse\\Minecraft\\Instances\\Utility_Mods_1.16 (2)\\",
  "name": "Utility_Mods_1.16 (2)",
  "cachedScans": [
    {
      "folderName": "fabric-api-0.15.0+build.379-1.16.1.jar",
      "fingerprint": 3955066987,
      "fileDateHash": 999287927,
      "sectionID": 8,
      "individualFingerprints": [
        3955066987
      ],
      "status": 1,
      "timestamp": "2020-07-17T16:17:52.7258177Z",
      "lastWriteTimeUtc": "2020-07-17T16:16:23.4084715Z",
      "queryTimestamp": "2020-07-17T16:17:53.0550348Z",
      "fileCount": 1,
      "fileSize": 613994
    },
    {
      "folderName": "Ding-1.16.1-1.1.0.jar",
      "fingerprint": 1904544989,
      "fileDateHash": 3490776204,
      "sectionID": 8,
      "individualFingerprints": [
        1904544989
      ],
      "status": 1,
      "timestamp": "2020-07-17T16:12:14.6651295Z",
      "lastWriteTimeUtc": "2020-07-17T16:06:03.9947451Z",
      "queryTimestamp": "2020-07-17T16:12:15.3371031Z",
      "fileCount": 1,
      "fileSize": 8493
    },
    {
      "folderName": "MixinBootstrap-1.0.3.jar",
      "fingerprint": 1852187718,
      "fileDateHash": 4184759894,
      "sectionID": 8,
      "individualFingerprints": [
        1852187718
      ],
      "status": 1,
      "timestamp": "2020-07-17T16:12:14.7650693Z",
      "lastWriteTimeUtc": "2020-07-17T16:02:48.2420752Z",
      "queryTimestamp": "2020-07-17T16:12:15.336101Z",
      "fileCount": 1,
      "fileSize": 1061758
    },
    {
      "folderName": "CraftingTweaks_1.16.1-12.0.4.jar",
      "fingerprint": 3870184037,
      "fileDateHash": 2991342087,
      "sectionID": 8,
      "individualFingerprints": [
        3870184037
      ],
      "status": 1,
      "timestamp": "2020-07-17T16:12:14.6621263Z",
      "lastWriteTimeUtc": "2020-07-17T15:54:14.8175012Z",
      "queryTimestamp": "2020-07-17T16:12:15.3371031Z",
      "fileCount": 1,
      "fileSize": 110353
    },
    {
      "folderName": "cloth-config-forge-4.0.1.jar",
      "fingerprint": 1062947682,
      "fileDateHash": 3551820371,
      "sectionID": 8,
      "individualFingerprints": [
        1062947682
      ],
      "status": 1,
      "timestamp": "2020-07-17T16:12:14.6581306Z",
      "lastWriteTimeUtc": "2020-07-17T16:03:44.9999516Z",
      "queryTimestamp": "2020-07-17T16:12:15.3381Z",
      "fileCount": 1,
      "fileSize": 399258
    },
    {
      "folderName": "OptiForge-MC1.16.1-0.1.4.jar",
      "fingerprint": 1328832200,
      "fileDateHash": 263358600,
      "sectionID": 8,
      "individualFingerprints": [
        1328832200
      ],
      "status": 1,
      "timestamp": "2020-07-17T16:17:52.7298151Z",
      "lastWriteTimeUtc": "2020-07-17T16:16:30.4883665Z",
      "queryTimestamp": "2020-07-17T16:17:53.0550348Z",
      "fileCount": 1,
      "fileSize": 203087
    },
    {
      "folderName": "Placebo-1.16.1-4.0.1.jar",
      "fingerprint": 2405971680,
      "fileDateHash": 288175791,
      "sectionID": 8,
      "individualFingerprints": [
        2405971680
      ],
      "status": 1,
      "timestamp": "2020-07-17T16:12:14.7770621Z",
      "lastWriteTimeUtc": "2020-07-17T16:04:37.0276802Z",
      "queryTimestamp": "2020-07-17T16:12:15.3381Z",
      "fileCount": 1,
      "fileSize": 96440
    },
    {
      "folderName": "light-overlay-5.4.1.jar",
      "fingerprint": 779288692,
      "fileDateHash": 3274375904,
      "sectionID": 8,
      "individualFingerprints": [
        779288692
      ],
      "status": 1,
      "timestamp": "2020-07-17T16:12:14.7590722Z",
      "lastWriteTimeUtc": "2020-07-17T16:03:45.1551162Z",
      "queryTimestamp": "2020-07-17T16:12:15.3381Z",
      "fileCount": 1,
      "fileSize": 466456
    },
    {
      "folderName": "worldedit-forge-mc1.16.1-7.2.0-beta-02.jar",
      "fingerprint": 1278881134,
      "fileDateHash": 3153026348,
      "sectionID": 8,
      "individualFingerprints": [
        1278881134
      ],
      "status": 1,
      "timestamp": "2020-07-17T16:12:14.8760035Z",
      "lastWriteTimeUtc": "2020-07-17T16:02:35.0703151Z",
      "queryTimestamp": "2020-07-17T16:12:15.3381Z",
      "fileCount": 1,
      "fileSize": 4330413
    },
    {
      "folderName": "JEITweaker-1.16.1-1.0.1.2.jar",
      "fingerprint": 1797988091,
      "fileDateHash": 311107781,
      "sectionID": 8,
      "individualFingerprints": [
        1797988091
      ],
      "status": 1,
      "timestamp": "2020-07-17T16:12:14.6931085Z",
      "lastWriteTimeUtc": "2020-07-17T15:55:22.4237234Z",
      "queryTimestamp": "2020-07-17T16:12:15.3390988Z",
      "fileCount": 1,
      "fileSize": 7603
    },
    {
      "folderName": "BetterTitleScreen-1.16.1-1.10.0.jar",
      "fingerprint": 3800830323,
      "fileDateHash": 1144544491,
      "sectionID": 8,
      "individualFingerprints": [
        3800830323
      ],
      "status": 1,
      "timestamp": "2020-07-17T16:12:14.6571296Z",
      "lastWriteTimeUtc": "2020-07-17T16:08:24.3965622Z",
      "queryTimestamp": "2020-07-17T16:12:15.3390988Z",
      "fileCount": 1,
      "fileSize": 12502
    },
    {
      "folderName": "randompatches-1.16.1-1.22.0.0.jar",
      "fingerprint": 466741633,
      "fileDateHash": 1142902020,
      "sectionID": 8,
      "individualFingerprints": [
        466741633
      ],
      "status": 1,
      "timestamp": "2020-07-17T16:17:52.8015257Z",
      "lastWriteTimeUtc": "2020-07-17T16:16:18.3405904Z",
      "queryTimestamp": "2020-07-17T16:17:53.0560342Z",
      "fileCount": 1,
      "fileSize": 205978
    },
    {
      "folderName": "jei-1.16.1-7.0.0.6.jar",
      "fingerprint": 3354361638,
      "fileDateHash": 1765705628,
      "sectionID": 8,
      "individualFingerprints": [
        3354361638
      ],
      "status": 1,
      "timestamp": "2020-07-17T16:12:14.682116Z",
      "lastWriteTimeUtc": "2020-07-17T15:52:47.4868634Z",
      "queryTimestamp": "2020-07-17T16:12:15.340098Z",
      "fileCount": 1,
      "fileSize": 711147
    },
    {
      "folderName": "preview_OptiFine_1.16.1_HD_U_G2_pre4.jar",
      "fingerprint": 3967225800,
      "fileDateHash": 4291142424,
      "sectionID": 8,
      "individualFingerprints": [
        3967225800
      ],
      "status": 1,
      "timestamp": "2020-07-17T16:17:52.7308151Z",
      "lastWriteTimeUtc": "2020-07-15T19:45:39.4451648Z",
      "queryTimestamp": "2020-07-17T16:17:53.0610311Z",
      "fileCount": 1,
      "fileSize": 5617304
    },
    {
      "folderName": "maptooltip-1.16.1-1.1.jar",
      "fingerprint": 2889584986,
      "fileDateHash": 1973698809,
      "sectionID": 8,
      "individualFingerprints": [
        2889584986
      ],
      "status": 1,
      "timestamp": "2020-07-17T16:58:39.4104819Z",
      "lastWriteTimeUtc": "2020-07-17T16:44:37.4396279Z",
      "queryTimestamp": "2020-07-17T16:58:39.7249061Z",
      "fileCount": 1,
      "fileSize": 9741
    }
  ],
  "isValid": true,
  "lastPreviousMatchUpdate": "2020-07-17T16:58:39.9607716Z",
  "isEnabled": true,
  "isPinned": false,
  "gameVersion": "1.16.1",
  "preferenceAlternateFile": false,
  "preferenceAutoInstallUpdates": false,
  "preferenceQuickDeleteLibraries": true,
  "preferenceDeleteSavedVariables": true,
  "preferenceProcessFileCommands": true,
  "preferenceReleaseType": 1,
  "syncProfile": {
    "PreferenceEnabled": false,
    "PreferenceAutoSync": true,
    "PreferenceAutoDelete": false,
    "PreferenceBackupSavedVariables": false,
    "GameInstanceGuid": "00000000-0000-0000-0000-000000000000",
    "SyncProfileID": 0,
    "SavedVariablesProfile": null,
    "LastSyncDate": "0001-01-01T00:00:00"
  },
  "preferenceShowAddOnInfo": true,
  "installDate": "2020-08-04T16:09:02.6813275Z",
  "installedAddons": [
    {
      "addonID": 224223,
      "gameInstanceID": "fb5afb55-c65e-4e27-bdb6-cfaf82fd8d68",
      "installedFile": {
        "id": 2993841,
        "displayName": "BetterTitleScreen-1.16.1-1.10.0.jar",
        "fileName": "BetterTitleScreen-1.16.1-1.10.0.jar",
        "fileDate": "2020-07-01T12:48:46.913Z",
        "fileLength": 12502,
        "releaseType": 1,
        "fileStatus": 4,
        "downloadUrl": "https://edge.forgecdn.net/files/2993/841/BetterTitleScreen-1.16.1-1.10.0.jar",
        "isAlternate": false,
        "alternateFileId": 0,
        "dependencies": [],
        "isAvailable": true,
        "modules": [
          {
            "foldername": "META-INF",
            "fingerprint": 2162716144,
            "type": 0
          },
          {
            "foldername": "com",
            "fingerprint": 2204979975,
            "type": 0
          },
          {
            "foldername": "assets",
            "fingerprint": 599788308,
            "type": 0
          },
          {
            "foldername": "logo.png",
            "fingerprint": 1602153178,
            "type": 0
          },
          {
            "foldername": "pack.mcmeta",
            "fingerprint": 1346560435,
            "type": 0
          }
        ],
        "packageFingerprint": 3800830323,
        "gameVersion": [
          "1.16.1",
          "Forge"
        ],
        "hasInstallScript": false,
        "isCompatibleWithClient": false,
        "categorySectionPackageType": 0,
        "restrictProjectFileAccess": 0,
        "projectStatus": 0,
        "projectId": 0,
        "gameVersionDateReleased": "2019-08-01T00:00:00Z",
        "gameId": 0,
        "isServerPack": false,
        "FileNameOnDisk": "BetterTitleScreen-1.16.1-1.10.0.jar"
      },
      "dateInstalled": "2020-07-17T16:08:24.3965622Z",
      "dateUpdated": "2020-07-17T16:08:24.3995611Z",
      "dateLastUpdateAttempted": "2020-07-17T16:08:24.3995611Z",
      "status": 5,
      "preferenceAutoInstallUpdates": false,
      "preferenceAlternateFile": false,
      "preferenceIsIgnored": false,
      "isModified": false,
      "isWorkingCopy": false,
      "isFuzzyMatch": false,
      "preferenceReleaseType": null,
      "manifestName": null,
      "installedTargets": null
    },
    {
      "addonID": 368718,
      "gameInstanceID": "fb5afb55-c65e-4e27-bdb6-cfaf82fd8d68",
      "installedFile": {
        "id": 3003395,
        "displayName": "JEITweaker-1.16.1-1.0.1.2.jar",
        "fileName": "JEITweaker-1.16.1-1.0.1.2.jar",
        "fileDate": "2020-07-12T23:27:30.407Z",
        "fileLength": 7603,
        "releaseType": 1,
        "fileStatus": 4,
        "downloadUrl": "https://edge.forgecdn.net/files/3003/395/JEITweaker-1.16.1-1.0.1.2.jar",
        "isAlternate": false,
        "alternateFileId": 3003396,
        "dependencies": [],
        "isAvailable": true,
        "modules": [
          {
            "foldername": "META-INF",
            "fingerprint": 4155783270,
            "type": 0
          },
          {
            "foldername": "com",
            "fingerprint": 3354985442,
            "type": 0
          },
          {
            "foldername": "pack.mcmeta",
            "fingerprint": 3895712427,
            "type": 0
          }
        ],
        "packageFingerprint": 1797988091,
        "gameVersion": [
          "1.16.1",
          "Forge"
        ],
        "hasInstallScript": false,
        "isCompatibleWithClient": false,
        "categorySectionPackageType": 0,
        "restrictProjectFileAccess": 0,
        "projectStatus": 0,
        "projectId": 0,
        "gameVersionDateReleased": "2008-03-01T06:00:00Z",
        "gameId": 0,
        "isServerPack": false,
        "FileNameOnDisk": "JEITweaker-1.16.1-1.0.1.2.jar"
      },
      "dateInstalled": "2020-07-17T15:55:22.4247252Z",
      "dateUpdated": "2020-07-17T15:55:22.4277207Z",
      "dateLastUpdateAttempted": "2020-07-17T15:55:22.4277207Z",
      "status": 5,
      "preferenceAutoInstallUpdates": false,
      "preferenceAlternateFile": false,
      "preferenceIsIgnored": false,
      "isModified": false,
      "isWorkingCopy": false,
      "isFuzzyMatch": false,
      "preferenceReleaseType": null,
      "manifestName": null,
      "installedTargets": null
    },
    {
      "addonID": 285612,
      "gameInstanceID": "fb5afb55-c65e-4e27-bdb6-cfaf82fd8d68",
      "installedFile": {
        "id": 3007180,
        "displayName": "RandomPatches 1.16.1-1.22.0.0",
        "fileName": "randompatches-1.16.1-1.22.0.0.jar",
        "fileDate": "2020-07-17T09:10:53.543Z",
        "fileLength": 205978,
        "releaseType": 1,
        "fileStatus": 4,
        "downloadUrl": "https://edge.forgecdn.net/files/3007/180/randompatches-1.16.1-1.22.0.0.jar",
        "isAlternate": false,
        "alternateFileId": 0,
        "dependencies": [],
        "isAvailable": true,
        "modules": [
          {
            "foldername": "META-INF",
            "fingerprint": 1467272717,
            "type": 0
          },
          {
            "foldername": "assets",
            "fingerprint": 1794777586,
            "type": 0
          },
          {
            "foldername": "com",
            "fingerprint": 1136888994,
            "type": 0
          },
          {
            "foldername": "logo.png",
            "fingerprint": 449600121,
            "type": 0
          },
          {
            "foldername": "pack.mcmeta",
            "fingerprint": 493624583,
            "type": 0
          },
          {
            "foldername": "patches",
            "fingerprint": 2032402450,
            "type": 0
          }
        ],
        "packageFingerprint": 466741633,
        "gameVersion": [
          "1.16.1",
          "Forge"
        ],
        "hasInstallScript": false,
        "isCompatibleWithClient": false,
        "categorySectionPackageType": 0,
        "restrictProjectFileAccess": 0,
        "projectStatus": 0,
        "projectId": 0,
        "gameVersionDateReleased": "2008-03-01T06:00:00Z",
        "gameId": 0,
        "isServerPack": false,
        "FileNameOnDisk": "randompatches-1.16.1-1.22.0.0.jar"
      },
      "dateInstalled": "2020-07-17T16:04:53.0705412Z",
      "dateUpdated": "2020-07-17T16:16:18.3435894Z",
      "dateLastUpdateAttempted": "2020-07-17T16:16:18.3435894Z",
      "status": 3,
      "preferenceAutoInstallUpdates": false,
      "preferenceAlternateFile": false,
      "preferenceIsIgnored": false,
      "isModified": false,
      "isWorkingCopy": false,
      "isFuzzyMatch": false,
      "preferenceReleaseType": null,
      "manifestName": null,
      "installedTargets": null
    },
    {
      "addonID": 372196,
      "gameInstanceID": "fb5afb55-c65e-4e27-bdb6-cfaf82fd8d68",
      "installedFile": {
        "id": 3007031,
        "displayName": "OptiForge-MC1.16.1-0.1.4",
        "fileName": "OptiForge-MC1.16.1-0.1.4.jar",
        "fileDate": "2020-07-17T02:54:43.983Z",
        "fileLength": 203087,
        "releaseType": 2,
        "fileStatus": 4,
        "downloadUrl": "https://edge.forgecdn.net/files/3007/31/OptiForge-MC1.16.1-0.1.4.jar",
        "isAlternate": false,
        "alternateFileId": 3007032,
        "dependencies": [
          {
            "id": 0,
            "addonId": 357178,
            "type": 3,
            "fileId": 0
          },
          {
            "id": 0,
            "addonId": 332975,
            "type": 2,
            "fileId": 0
          }
        ],
        "isAvailable": true,
        "modules": [
          {
            "foldername": "META-INF",
            "fingerprint": 376997980,
            "type": 0
          },
          {
            "foldername": "io",
            "fingerprint": 1485594957,
            "type": 0
          },
          {
            "foldername": "pack.mcmeta",
            "fingerprint": 641502313,
            "type": 0
          },
          {
            "foldername": "requiredmods.properties",
            "fingerprint": 2371637855,
            "type": 0
          },
          {
            "foldername": "optiforge.png",
            "fingerprint": 2255592829,
            "type": 0
          },
          {
            "foldername": "mixins.optiforge.json",
            "fingerprint": 140572229,
            "type": 0
          },
          {
            "foldername": "mixins.optiforge.refmap.json",
            "fingerprint": 3399176746,
            "type": 0
          }
        ],
        "packageFingerprint": 1328832200,
        "gameVersion": [
          "1.16.1",
          "Forge"
        ],
        "hasInstallScript": false,
        "isCompatibleWithClient": false,
        "categorySectionPackageType": 0,
        "restrictProjectFileAccess": 0,
        "projectStatus": 0,
        "projectId": 0,
        "gameVersionDateReleased": "2008-03-01T06:00:00Z",
        "gameId": 0,
        "isServerPack": false,
        "FileNameOnDisk": "OptiForge-MC1.16.1-0.1.4.jar"
      },
      "dateInstalled": "2020-07-17T16:02:48.5091646Z",
      "dateUpdated": "2020-07-17T16:16:30.4903635Z",
      "dateLastUpdateAttempted": "2020-07-17T16:16:30.4903635Z",
      "status": 3,
      "preferenceAutoInstallUpdates": false,
      "preferenceAlternateFile": false,
      "preferenceIsIgnored": false,
      "isModified": false,
      "isWorkingCopy": false,
      "isFuzzyMatch": false,
      "preferenceReleaseType": null,
      "manifestName": null,
      "installedTargets": null
    },
    {
      "addonID": 292899,
      "gameInstanceID": "fb5afb55-c65e-4e27-bdb6-cfaf82fd8d68",
      "installedFile": {
        "id": 2995145,
        "displayName": "ShulkerTooltip-1.9.3.jar",
        "fileName": "ShulkerTooltip-1.9.3.jar",
        "fileDate": "2020-07-02T23:30:13.623Z",
        "fileLength": 11286,
        "releaseType": 2,
        "fileStatus": 4,
        "downloadUrl": "https://edge.forgecdn.net/files/2995/145/ShulkerTooltip-1.9.3.jar",
        "isAlternate": false,
        "alternateFileId": 0,
        "dependencies": [],
        "isAvailable": true,
        "modules": [
          {
            "foldername": "META-INF",
            "fingerprint": 2240893440,
            "type": 0
          },
          {
            "foldername": "com",
            "fingerprint": 4290488095,
            "type": 0
          },
          {
            "foldername": "assets",
            "fingerprint": 26360733,
            "type": 0
          },
          {
            "foldername": "pack.mcmeta",
            "fingerprint": 3380797652,
            "type": 0
          }
        ],
        "packageFingerprint": 2785056791,
        "gameVersion": [
          "1.16.1"
        ],
        "hasInstallScript": false,
        "isCompatibleWithClient": false,
        "categorySectionPackageType": 0,
        "restrictProjectFileAccess": 0,
        "projectStatus": 0,
        "projectId": 0,
        "gameVersionDateReleased": "2020-06-24T12:41:11.823Z",
        "gameId": 0,
        "isServerPack": false,
        "FileNameOnDisk": "ShulkerTooltip-1.9.3.jar"
      },
      "dateInstalled": "2020-07-17T17:34:28.7648496Z",
      "dateUpdated": "2020-07-17T17:34:28.7678409Z",
      "dateLastUpdateAttempted": "2020-07-17T17:34:28.7678409Z",
      "status": 5,
      "preferenceAutoInstallUpdates": false,
      "preferenceAlternateFile": false,
      "preferenceIsIgnored": false,
      "isModified": false,
      "isWorkingCopy": false,
      "isFuzzyMatch": false,
      "preferenceReleaseType": null,
      "manifestName": null,
      "installedTargets": null
    },
    {
      "addonID": 233071,
      "gameInstanceID": "fb5afb55-c65e-4e27-bdb6-cfaf82fd8d68",
      "installedFile": {
        "id": 3005313,
        "displayName": "CraftingTweaks_1.16.1-12.0.4.jar",
        "fileName": "CraftingTweaks_1.16.1-12.0.4.jar",
        "fileDate": "2020-07-15T05:06:34.377Z",
        "fileLength": 110353,
        "releaseType": 2,
        "fileStatus": 4,
        "downloadUrl": "https://edge.forgecdn.net/files/3005/313/CraftingTweaks_1.16.1-12.0.4.jar",
        "isAlternate": false,
        "alternateFileId": 0,
        "dependencies": [],
        "isAvailable": true,
        "modules": [
          {
            "foldername": "META-INF",
            "fingerprint": 2206350324,
            "type": 0
          },
          {
            "foldername": "net",
            "fingerprint": 1256278737,
            "type": 0
          },
          {
            "foldername": "assets",
            "fingerprint": 2295690175,
            "type": 0
          },
          {
            "foldername": "pack.mcmeta",
            "fingerprint": 3365466299,
            "type": 0
          }
        ],
        "packageFingerprint": 3870184037,
        "gameVersion": [
          "1.16.1"
        ],
        "hasInstallScript": false,
        "isCompatibleWithClient": false,
        "categorySectionPackageType": 0,
        "restrictProjectFileAccess": 0,
        "projectStatus": 0,
        "projectId": 0,
        "gameVersionDateReleased": "2020-06-24T12:41:11.823Z",
        "gameId": 0,
        "isServerPack": false,
        "FileNameOnDisk": "CraftingTweaks_1.16.1-12.0.4.jar"
      },
      "dateInstalled": "2020-07-17T15:54:14.8185009Z",
      "dateUpdated": "2020-07-17T15:54:14.8204987Z",
      "dateLastUpdateAttempted": "2020-07-17T15:54:14.8204987Z",
      "status": 5,
      "preferenceAutoInstallUpdates": false,
      "preferenceAlternateFile": false,
      "preferenceIsIgnored": false,
      "isModified": false,
      "isWorkingCopy": false,
      "isFuzzyMatch": false,
      "preferenceReleaseType": null,
      "manifestName": null,
      "installedTargets": null
    },
    {
      "addonID": 360916,
      "gameInstanceID": "fb5afb55-c65e-4e27-bdb6-cfaf82fd8d68",
      "installedFile": {
        "id": 2987824,
        "displayName": "shuffle-1.16.1-1.1.2.jar",
        "fileName": "shuffle-1.16.1-1.1.2.jar",
        "fileDate": "2020-06-24T20:03:36.613Z",
        "fileLength": 81914,
        "releaseType": 1,
        "fileStatus": 4,
        "downloadUrl": "https://edge.forgecdn.net/files/2987/824/shuffle-1.16.1-1.1.2.jar",
        "isAlternate": false,
        "alternateFileId": 0,
        "dependencies": [
          {
            "id": 0,
            "addonId": 306612,
            "type": 3,
            "fileId": 0
          }
        ],
        "isAvailable": true,
        "modules": [
          {
            "foldername": "LICENSE",
            "fingerprint": 1136524626,
            "type": 0
          },
          {
            "foldername": "shuffle.mixins.json",
            "fingerprint": 3737907285,
            "type": 0
          },
          {
            "foldername": "assets",
            "fingerprint": 2977904844,
            "type": 0
          },
          {
            "foldername": "fabric.mod.json",
            "fingerprint": 3593494213,
            "type": 0
          },
          {
            "foldername": "META-INF",
            "fingerprint": 2464251221,
            "type": 0
          },
          {
            "foldername": "com",
            "fingerprint": 4031420850,
            "type": 0
          }
        ],
        "packageFingerprint": 2024060550,
        "gameVersion": [
          "1.16.1",
          "Fabric"
        ],
        "hasInstallScript": false,
        "isCompatibleWithClient": false,
        "categorySectionPackageType": 0,
        "restrictProjectFileAccess": 0,
        "projectStatus": 0,
        "projectId": 0,
        "gameVersionDateReleased": "2019-08-01T00:00:00Z",
        "gameId": 0,
        "isServerPack": false,
        "FileNameOnDisk": "shuffle-1.16.1-1.1.2.jar"
      },
      "dateInstalled": "2020-07-17T17:34:24.4361073Z",
      "dateUpdated": "2020-07-17T17:34:24.4401016Z",
      "dateLastUpdateAttempted": "2020-07-17T17:34:24.4401016Z",
      "status": 5,
      "preferenceAutoInstallUpdates": false,
      "preferenceAlternateFile": false,
      "preferenceIsIgnored": false,
      "isModified": false,
      "isWorkingCopy": false,
      "isFuzzyMatch": false,
      "preferenceReleaseType": null,
      "manifestName": null,
      "installedTargets": null
    },
    {
      "addonID": 231275,
      "gameInstanceID": "fb5afb55-c65e-4e27-bdb6-cfaf82fd8d68",
      "installedFile": {
        "id": 2991973,
        "displayName": "Ding-1.16.1-1.1.0.jar",
        "fileName": "Ding-1.16.1-1.1.0.jar",
        "fileDate": "2020-06-29T12:41:15.767Z",
        "fileLength": 8493,
        "releaseType": 1,
        "fileStatus": 4,
        "downloadUrl": "https://edge.forgecdn.net/files/2991/973/Ding-1.16.1-1.1.0.jar",
        "isAlternate": false,
        "alternateFileId": 0,
        "dependencies": [],
        "isAvailable": true,
        "modules": [
          {
            "foldername": "META-INF",
            "fingerprint": 3789654278,
            "type": 0
          },
          {
            "foldername": "me",
            "fingerprint": 2833984016,
            "type": 0
          },
          {
            "foldername": "assets",
            "fingerprint": 2771153707,
            "type": 0
          },
          {
            "foldername": "pack.mcmeta",
            "fingerprint": 15270453,
            "type": 0
          }
        ],
        "packageFingerprint": 1904544989,
        "gameVersion": [
          "1.16.1",
          "Forge"
        ],
        "hasInstallScript": false,
        "isCompatibleWithClient": false,
        "categorySectionPackageType": 0,
        "restrictProjectFileAccess": 0,
        "projectStatus": 0,
        "projectId": 0,
        "gameVersionDateReleased": "2008-03-01T06:00:00Z",
        "gameId": 0,
        "isServerPack": false,
        "FileNameOnDisk": "Ding-1.16.1-1.1.0.jar"
      },
      "dateInstalled": "2020-07-17T16:06:03.9947451Z",
      "dateUpdated": "2020-07-17T16:06:03.9987421Z",
      "dateLastUpdateAttempted": "2020-07-17T16:06:03.9987421Z",
      "status": 5,
      "preferenceAutoInstallUpdates": false,
      "preferenceAlternateFile": false,
      "preferenceIsIgnored": false,
      "isModified": false,
      "isWorkingCopy": false,
      "isFuzzyMatch": false,
      "preferenceReleaseType": null,
      "manifestName": null,
      "installedTargets": null
    },
    {
      "addonID": 238222,
      "gameInstanceID": "fb5afb55-c65e-4e27-bdb6-cfaf82fd8d68",
      "installedFile": {
        "id": 2995910,
        "displayName": "jei-1.16.1-7.0.0.6.jar",
        "fileName": "jei-1.16.1-7.0.0.6.jar",
        "fileDate": "2020-07-03T23:13:25.453Z",
        "fileLength": 711147,
        "releaseType": 3,
        "fileStatus": 4,
        "downloadUrl": "https://edge.forgecdn.net/files/2995/910/jei-1.16.1-7.0.0.6.jar",
        "isAlternate": false,
        "alternateFileId": 0,
        "dependencies": [],
        "isAvailable": true,
        "modules": [
          {
            "foldername": "META-INF",
            "fingerprint": 2276899681,
            "type": 0
          },
          {
            "foldername": "mezz",
            "fingerprint": 1511040068,
            "type": 0
          },
          {
            "foldername": "pack.mcmeta",
            "fingerprint": 3652707984,
            "type": 0
          },
          {
            "foldername": "assets",
            "fingerprint": 1576435931,
            "type": 0
          }
        ],
        "packageFingerprint": 3354361638,
        "gameVersion": [
          "1.16.1",
          "Forge"
        ],
        "hasInstallScript": false,
        "isCompatibleWithClient": false,
        "categorySectionPackageType": 0,
        "restrictProjectFileAccess": 0,
        "projectStatus": 0,
        "projectId": 0,
        "gameVersionDateReleased": "2008-03-01T06:00:00Z",
        "gameId": 0,
        "isServerPack": false,
        "FileNameOnDisk": "jei-1.16.1-7.0.0.6.jar"
      },
      "dateInstalled": "2020-07-17T15:52:47.4908539Z",
      "dateUpdated": "2020-07-17T15:52:47.5068448Z",
      "dateLastUpdateAttempted": "2020-07-17T15:52:47.5068448Z",
      "status": 3,
      "preferenceAutoInstallUpdates": false,
      "preferenceAlternateFile": false,
      "preferenceIsIgnored": false,
      "isModified": false,
      "isWorkingCopy": false,
      "isFuzzyMatch": false,
      "preferenceReleaseType": null,
      "manifestName": null,
      "installedTargets": null
    },
    {
      "addonID": 384852,
      "gameInstanceID": "fb5afb55-c65e-4e27-bdb6-cfaf82fd8d68",
      "installedFile": {
        "id": 2996101,
        "displayName": "maptooltip-1.16.1-1.1.jar",
        "fileName": "maptooltip-1.16.1-1.1.jar",
        "fileDate": "2020-07-04T05:12:44.177Z",
        "fileLength": 9741,
        "releaseType": 1,
        "fileStatus": 4,
        "downloadUrl": "https://edge.forgecdn.net/files/2996/101/maptooltip-1.16.1-1.1.jar",
        "isAlternate": false,
        "alternateFileId": 0,
        "dependencies": [],
        "isAvailable": true,
        "modules": [
          {
            "foldername": "META-INF",
            "fingerprint": 4121661762,
            "type": 0
          },
          {
            "foldername": "me",
            "fingerprint": 105753561,
            "type": 0
          },
          {
            "foldername": "maptooltip.png",
            "fingerprint": 2040036864,
            "type": 0
          },
          {
            "foldername": "pack.mcmeta",
            "fingerprint": 1626266390,
            "type": 0
          }
        ],
        "packageFingerprint": 2889584986,
        "gameVersion": [
          "1.16.1",
          "Forge"
        ],
        "hasInstallScript": false,
        "isCompatibleWithClient": false,
        "categorySectionPackageType": 0,
        "restrictProjectFileAccess": 0,
        "projectStatus": 0,
        "projectId": 0,
        "gameVersionDateReleased": "2008-03-01T06:00:00Z",
        "gameId": 0,
        "isServerPack": false,
        "FileNameOnDisk": "maptooltip-1.16.1-1.1.jar"
      },
      "dateInstalled": "2020-07-17T16:44:37.4406215Z",
      "dateUpdated": "2020-07-17T16:44:37.4436192Z",
      "dateLastUpdateAttempted": "2020-07-17T16:44:37.4436192Z",
      "status": 5,
      "preferenceAutoInstallUpdates": false,
      "preferenceAlternateFile": false,
      "preferenceIsIgnored": false,
      "isModified": false,
      "isWorkingCopy": false,
      "isFuzzyMatch": false,
      "preferenceReleaseType": null,
      "manifestName": null,
      "installedTargets": null
    },
    {
      "addonID": 62514,
      "gameInstanceID": "fb5afb55-c65e-4e27-bdb6-cfaf82fd8d68",
      "installedFile": {
        "id": 3000358,
        "displayName": "Batty's Coordinates PLUS Mod for Forge (1.16.1-0.2.0)",
        "fileName": "Batty's Coordinates PLUS Mod for Forge-1.16.1-0.2.0.jar",
        "fileDate": "2020-07-09T13:17:26.737Z",
        "fileLength": 60981,
        "releaseType": 2,
        "fileStatus": 4,
        "downloadUrl": "https://edge.forgecdn.net/files/3000/358/Batty's Coordinates PLUS Mod for Forge-1.16.1-0.2.0.jar",
        "isAlternate": false,
        "alternateFileId": 0,
        "dependencies": [],
        "isAvailable": true,
        "modules": [
          {
            "foldername": "META-INF",
            "fingerprint": 470031042,
            "type": 0
          },
          {
            "foldername": "battys",
            "fingerprint": 1061807864,
            "type": 0
          },
          {
            "foldername": "assets",
            "fingerprint": 2830081167,
            "type": 0
          },
          {
            "foldername": "batheart_icon.png",
            "fingerprint": 388234594,
            "type": 0
          },
          {
            "foldername": "pack.mcmeta",
            "fingerprint": 94302032,
            "type": 0
          }
        ],
        "packageFingerprint": 295090308,
        "gameVersion": [
          "1.16.1"
        ],
        "hasInstallScript": false,
        "isCompatibleWithClient": false,
        "categorySectionPackageType": 0,
        "restrictProjectFileAccess": 0,
        "projectStatus": 0,
        "projectId": 0,
        "gameVersionDateReleased": "2008-03-01T06:00:00Z",
        "gameId": 0,
        "isServerPack": false,
        "FileNameOnDisk": "Batty's Coordinates PLUS Mod for Forge-1.16.1-0.2.0.jar"
      },
      "dateInstalled": "2020-07-17T17:19:05.7680311Z",
      "dateUpdated": "2020-07-17T17:19:05.7730309Z",
      "dateLastUpdateAttempted": "2020-07-17T17:19:05.7730309Z",
      "status": 5,
      "preferenceAutoInstallUpdates": false,
      "preferenceAlternateFile": false,
      "preferenceIsIgnored": false,
      "isModified": false,
      "isWorkingCopy": false,
      "isFuzzyMatch": false,
      "preferenceReleaseType": null,
      "manifestName": null,
      "installedTargets": null
    },
    {
      "addonID": 348521,
      "gameInstanceID": "fb5afb55-c65e-4e27-bdb6-cfaf82fd8d68",
      "installedFile": {
        "id": 2990967,
        "displayName": "[Forge 1.16.x] v4.0.1",
        "fileName": "cloth-config-forge-4.0.1.jar",
        "fileDate": "2020-06-28T08:03:36.61Z",
        "fileLength": 399258,
        "releaseType": 1,
        "fileStatus": 4,
        "downloadUrl": "https://edge.forgecdn.net/files/2990/967/cloth-config-forge-4.0.1.jar",
        "isAlternate": false,
        "alternateFileId": 2990968,
        "dependencies": [],
        "isAvailable": true,
        "modules": [
          {
            "foldername": "META-INF",
            "fingerprint": 3586993960,
            "type": 0
          },
          {
            "foldername": "me",
            "fingerprint": 870747517,
            "type": 0
          },
          {
            "foldername": "pack.mcmeta",
            "fingerprint": 2256045119,
            "type": 0
          },
          {
            "foldername": "icon.png",
            "fingerprint": 1998369504,
            "type": 0
          },
          {
            "foldername": "assets",
            "fingerprint": 3652232813,
            "type": 0
          },
          {
            "foldername": "fabric.mod.json",
            "fingerprint": 3759757251,
            "type": 0
          },
          {
            "foldername": "LICENSE.md",
            "fingerprint": 589621802,
            "type": 0
          }
        ],
        "packageFingerprint": 1062947682,
        "gameVersion": [
          "1.16.1",
          "Forge"
        ],
        "hasInstallScript": false,
        "isCompatibleWithClient": false,
        "categorySectionPackageType": 0,
        "restrictProjectFileAccess": 0,
        "projectStatus": 0,
        "projectId": 0,
        "gameVersionDateReleased": "2008-03-01T06:00:00Z",
        "gameId": 0,
        "isServerPack": false,
        "FileNameOnDisk": "cloth-config-forge-4.0.1.jar"
      },
      "dateInstalled": "2020-07-17T16:03:44.9999516Z",
      "dateUpdated": "2020-07-17T16:03:45.0039722Z",
      "dateLastUpdateAttempted": "2020-07-17T16:03:45.0039722Z",
      "status": 5,
      "preferenceAutoInstallUpdates": false,
      "preferenceAlternateFile": false,
      "preferenceIsIgnored": false,
      "isModified": false,
      "isWorkingCopy": false,
      "isFuzzyMatch": false,
      "preferenceReleaseType": null,
      "manifestName": null,
      "installedTargets": null
    },
    {
      "addonID": 225608,
      "gameInstanceID": "fb5afb55-c65e-4e27-bdb6-cfaf82fd8d68",
      "installedFile": {
        "id": 2997552,
        "displayName": "WorldEdit 7.2.0 Beta 2 (Forge for MC 1.16.1)",
        "fileName": "worldedit-forge-mc1.16.1-7.2.0-beta-02.jar",
        "fileDate": "2020-07-06T10:58:31.197Z",
        "fileLength": 4330413,
        "releaseType": 2,
        "fileStatus": 4,
        "downloadUrl": "https://edge.forgecdn.net/files/2997/552/worldedit-forge-mc1.16.1-7.2.0-beta-02.jar",
        "isAlternate": false,
        "alternateFileId": 0,
        "dependencies": [],
        "isAvailable": true,
        "modules": [
          {
            "foldername": "META-INF",
            "fingerprint": 2700156972,
            "type": 0
          },
          {
            "foldername": "com",
            "fingerprint": 3630776274,
            "type": 0
          },
          {
            "foldername": "assets",
            "fingerprint": 1834172738,
            "type": 0
          },
          {
            "foldername": "defaults",
            "fingerprint": 585629097,
            "type": 0
          },
          {
            "foldername": "lang",
            "fingerprint": 3954358485,
            "type": 0
          },
          {
            "foldername": "pack.mcmeta",
            "fingerprint": 3152314042,
            "type": 0
          },
          {
            "foldername": "worldedit-icon.png",
            "fingerprint": 2897070019,
            "type": 0
          },
          {
            "foldername": "org",
            "fingerprint": 1358791037,
            "type": 0
          },
          {
            "foldername": "net",
            "fingerprint": 2729845848,
            "type": 0
          },
          {
            "foldername": "javax",
            "fingerprint": 3897046899,
            "type": 0
          },
          {
            "foldername": "de",
            "fingerprint": 398354527,
            "type": 0
          }
        ],
        "packageFingerprint": 1278881134,
        "gameVersion": [
          "1.16.1",
          "1.16",
          "Forge"
        ],
        "hasInstallScript": false,
        "isCompatibleWithClient": false,
        "categorySectionPackageType": 0,
        "restrictProjectFileAccess": 0,
        "projectStatus": 0,
        "projectId": 0,
        "gameVersionDateReleased": "2008-03-01T06:00:00Z",
        "gameId": 0,
        "isServerPack": false,
        "FileNameOnDisk": "worldedit-forge-mc1.16.1-7.2.0-beta-02.jar"
      },
      "dateInstalled": "2020-07-17T16:02:35.0703151Z",
      "dateUpdated": "2020-07-17T16:02:35.0803106Z",
      "dateLastUpdateAttempted": "2020-07-17T16:02:35.0803106Z",
      "status": 5,
      "preferenceAutoInstallUpdates": false,
      "preferenceAlternateFile": false,
      "preferenceIsIgnored": false,
      "isModified": false,
      "isWorkingCopy": false,
      "isFuzzyMatch": false,
      "preferenceReleaseType": null,
      "manifestName": null,
      "installedTargets": null
    },
    {
      "addonID": 306612,
      "gameInstanceID": "fb5afb55-c65e-4e27-bdb6-cfaf82fd8d68",
      "installedFile": {
        "id": 3007384,
        "displayName": "[1.16.1] Fabric API 0.15.0 build 379",
        "fileName": "fabric-api-0.15.0+build.379-1.16.1.jar",
        "fileDate": "2020-07-17T16:06:15.383Z",
        "fileLength": 613994,
        "releaseType": 1,
        "fileStatus": 4,
        "downloadUrl": "https://edge.forgecdn.net/files/3007/384/fabric-api-0.15.0+build.379-1.16.1.jar",
        "isAlternate": false,
        "alternateFileId": 0,
        "dependencies": [],
        "isAvailable": true,
        "modules": [
          {
            "foldername": "assets",
            "fingerprint": 860504683,
            "type": 0
          },
          {
            "foldername": "fabric.mod.json",
            "fingerprint": 3043983976,
            "type": 0
          },
          {
            "foldername": "META-INF",
            "fingerprint": 1199263635,
            "type": 0
          }
        ],
        "packageFingerprint": 3955066987,
        "gameVersion": [
          "1.16.1",
          "Fabric"
        ],
        "hasInstallScript": false,
        "isCompatibleWithClient": false,
        "categorySectionPackageType": 0,
        "restrictProjectFileAccess": 0,
        "projectStatus": 0,
        "projectId": 0,
        "gameVersionDateReleased": "2008-03-01T06:00:00Z",
        "gameId": 0,
        "isServerPack": false,
        "FileNameOnDisk": "fabric-api-0.15.0+build.379-1.16.1.jar"
      },
      "dateInstalled": "2020-07-17T15:54:57.5004336Z",
      "dateUpdated": "2020-07-17T16:16:23.4114713Z",
      "dateLastUpdateAttempted": "2020-07-17T16:16:23.4114713Z",
      "status": 3,
      "preferenceAutoInstallUpdates": false,
      "preferenceAlternateFile": false,
      "preferenceIsIgnored": false,
      "isModified": false,
      "isWorkingCopy": false,
      "isFuzzyMatch": false,
      "preferenceReleaseType": null,
      "manifestName": null,
      "installedTargets": null
    },
    {
      "addonID": 325492,
      "gameInstanceID": "fb5afb55-c65e-4e27-bdb6-cfaf82fd8d68",
      "installedFile": {
        "id": 3005495,
        "displayName": "[Forge / Fabric 1.16.x] v5.4.1",
        "fileName": "light-overlay-5.4.1.jar",
        "fileDate": "2020-07-15T10:20:19.977Z",
        "fileLength": 466456,
        "releaseType": 1,
        "fileStatus": 4,
        "downloadUrl": "https://edge.forgecdn.net/files/3005/495/light-overlay-5.4.1.jar",
        "isAlternate": false,
        "alternateFileId": 0,
        "dependencies": [
          {
            "id": 0,
            "addonId": 319057,
            "type": 1,
            "fileId": 0
          },
          {
            "id": 0,
            "addonId": 348521,
            "type": 3,
            "fileId": 0
          },
          {
            "id": 0,
            "addonId": 317121,
            "type": 1,
            "fileId": 0
          }
        ],
        "isAvailable": true,
        "modules": [
          {
            "foldername": "pack.mcmeta",
            "fingerprint": 1728173885,
            "type": 0
          },
          {
            "foldername": "me",
            "fingerprint": 804172643,
            "type": 0
          },
          {
            "foldername": "light-overlay-refmap.json",
            "fingerprint": 501699212,
            "type": 0
          },
          {
            "foldername": "assets",
            "fingerprint": 1631138459,
            "type": 0
          },
          {
            "foldername": "icon.png",
            "fingerprint": 1881518080,
            "type": 0
          },
          {
            "foldername": "lightoverlay.mixins.json",
            "fingerprint": 159234178,
            "type": 0
          },
          {
            "foldername": "fabric.mod.json",
            "fingerprint": 3002093671,
            "type": 0
          },
          {
            "foldername": "META-INF",
            "fingerprint": 4248165500,
            "type": 0
          },
          {
            "foldername": "lightoverlay.accesswidener",
            "fingerprint": 759458513,
            "type": 0
          }
        ],
        "packageFingerprint": 779288692,
        "gameVersion": [
          "1.16-Snapshot",
          "1.16.1",
          "1.16"
        ],
        "hasInstallScript": false,
        "isCompatibleWithClient": false,
        "categorySectionPackageType": 0,
        "restrictProjectFileAccess": 0,
        "projectStatus": 0,
        "projectId": 0,
        "gameVersionDateReleased": "2008-03-01T06:00:00Z",
        "gameId": 0,
        "isServerPack": false,
        "FileNameOnDisk": "light-overlay-5.4.1.jar"
      },
      "dateInstalled": "2020-07-17T16:03:45.1551162Z",
      "dateUpdated": "2020-07-17T16:03:45.1590998Z",
      "dateLastUpdateAttempted": "2020-07-17T16:03:45.1590998Z",
      "status": 5,
      "preferenceAutoInstallUpdates": false,
      "preferenceAlternateFile": false,
      "preferenceIsIgnored": false,
      "isModified": false,
      "isWorkingCopy": false,
      "isFuzzyMatch": false,
      "preferenceReleaseType": null,
      "manifestName": null,
      "installedTargets": null
    },
    {
      "addonID": 283644,
      "gameInstanceID": "fb5afb55-c65e-4e27-bdb6-cfaf82fd8d68",
      "installedFile": {
        "id": 2999632,
        "displayName": "Placebo-1.16.1-4.0.1.jar",
        "fileName": "Placebo-1.16.1-4.0.1.jar",
        "fileDate": "2020-07-08T17:39:19.467Z",
        "fileLength": 96440,
        "releaseType": 1,
        "fileStatus": 4,
        "downloadUrl": "https://edge.forgecdn.net/files/2999/632/Placebo-1.16.1-4.0.1.jar",
        "isAlternate": false,
        "alternateFileId": 2999649,
        "dependencies": [],
        "isAvailable": true,
        "modules": [
          {
            "foldername": "META-INF",
            "fingerprint": 2681543770,
            "type": 0
          },
          {
            "foldername": "shadows",
            "fingerprint": 1925771355,
            "type": 0
          },
          {
            "foldername": "javascript",
            "fingerprint": 430921526,
            "type": 0
          },
          {
            "foldername": "pack.mcmeta",
            "fingerprint": 3099375411,
            "type": 0
          }
        ],
        "packageFingerprint": 2405971680,
        "gameVersion": [
          "1.16.1"
        ],
        "hasInstallScript": false,
        "isCompatibleWithClient": false,
        "categorySectionPackageType": 0,
        "restrictProjectFileAccess": 0,
        "projectStatus": 0,
        "projectId": 0,
        "gameVersionDateReleased": "2020-06-24T12:41:11.823Z",
        "gameId": 0,
        "isServerPack": false,
        "FileNameOnDisk": "Placebo-1.16.1-4.0.1.jar"
      },
      "dateInstalled": "2020-07-17T16:04:37.0286806Z",
      "dateUpdated": "2020-07-17T16:04:37.0316779Z",
      "dateLastUpdateAttempted": "2020-07-17T16:04:37.0316779Z",
      "status": 3,
      "preferenceAutoInstallUpdates": false,
      "preferenceAlternateFile": false,
      "preferenceIsIgnored": false,
      "isModified": false,
      "isWorkingCopy": false,
      "isFuzzyMatch": false,
      "preferenceReleaseType": null,
      "manifestName": null,
      "installedTargets": null
    },
    {
      "addonID": 357178,
      "gameInstanceID": "fb5afb55-c65e-4e27-bdb6-cfaf82fd8d68",
      "installedFile": {
        "id": 2939224,
        "displayName": "MixinBootstrap-1.0.3.jar",
        "fileName": "MixinBootstrap-1.0.3.jar",
        "fileDate": "2020-04-24T11:46:26.267Z",
        "fileLength": 1061758,
        "releaseType": 1,
        "fileStatus": 4,
        "downloadUrl": "https://edge.forgecdn.net/files/2939/224/MixinBootstrap-1.0.3.jar",
        "isAlternate": false,
        "alternateFileId": 0,
        "dependencies": [],
        "isAvailable": true,
        "modules": [
          {
            "foldername": "META-INF",
            "fingerprint": 3224103252,
            "type": 0
          },
          {
            "foldername": "io",
            "fingerprint": 2866411657,
            "type": 0
          },
          {
            "foldername": "LICENSE-MixinBootstrap",
            "fingerprint": 3584814497,
            "type": 0
          },
          {
            "foldername": "LICENSE-classloaderutils",
            "fingerprint": 1065284868,
            "type": 0
          },
          {
            "foldername": "org",
            "fingerprint": 1667467214,
            "type": 0
          },
          {
            "foldername": "LICENSE.txt",
            "fingerprint": 3933732671,
            "type": 0
          }
        ],
        "packageFingerprint": 1852187718,
        "gameVersion": [
          "1.16.1",
          "1.14.4",
          "Forge",
          "1.15.2",
          "1.12.2"
        ],
        "hasInstallScript": false,
        "isCompatibleWithClient": false,
        "categorySectionPackageType": 0,
        "restrictProjectFileAccess": 0,
        "projectStatus": 0,
        "projectId": 0,
        "gameVersionDateReleased": "2008-03-01T06:00:00Z",
        "gameId": 0,
        "isServerPack": false,
        "FileNameOnDisk": "MixinBootstrap-1.0.3.jar"
      },
      "dateInstalled": "2020-07-17T16:02:48.2430345Z",
      "dateUpdated": "2020-07-17T16:02:48.2470332Z",
      "dateLastUpdateAttempted": "2020-07-17T16:02:48.2470332Z",
      "status": 5,
      "preferenceAutoInstallUpdates": false,
      "preferenceAlternateFile": false,
      "preferenceIsIgnored": false,
      "isModified": false,
      "isWorkingCopy": false,
      "isFuzzyMatch": false,
      "preferenceReleaseType": null,
      "manifestName": null,
      "installedTargets": null
    }
  ],
  "isMigrated": false,
  "preferenceUploadProfile": false
}